리뷰일,앱이름,별점,사용자 리뷰,회사 응답
2025-12-25,공모주일정,5.0,요 앱이 얼마나 유용한지는 써보고 실제 활용해 보면 알게 됩니다. 설치한지 1년이 넘었지만 아직도 잘 쓰고 있는 유일한 앱이되었네요.,회사 응답 없음
2025-12-21,공모주일정,5.0,설치해서 사용하다보니 이 앱이야 말로 제 인생에서 가장 필요한 앱이었다는걸 알게 되었네요. 이거 열씸히 잘 활용하고 계신분들은 제가 무슨 얘기하는지 알겁니다. 정말 유용한 앱입니다.,회사 응답 없음
2025-12-21,공모주일정,1.0,광고가 너무길다,회사 응답 없음
2025-12-16,공모주일정,4.0,이거 유료버전은 없나요?,회사 응답 없음
2025-12-05,공모주일정,5.0,돈버는앱,회사 응답 없음
2025-11-18,공모주일정,5.0,앱이 무슨 버그가 있다면서 자꾸 꺼져요,안녕하세요. 내부적으로 점검해보았으나 별다른 이상은 찾질 못했어요. 혹여 증상이 계속된다면 공모주 아이콘을 길게(롱) 클릭하시고 팝업된 메뉴창 상단 오른쪽 느낌표 클릭 후 저장공간 &gt; 캐시삭제 &gt; 데이터삭제 메뉴를 차례대로 진행 한 후 다시 실행하여 확인을 부탁드려요.
2025-11-10,공모주일정,4.0,갑자기 버그 발생으로 튕겨나오에요,안녕하세요. 확인해보니 데이터 한부분이 잘못 입력되어 튕김 현상이 있었네요. 현재는 데이터를 정상화 하였으니 다시 실행하여 확인을 부탁드려요. 사용에 불편을 드려 죄송해요.
2025-10-20,공모주일정,5.0,좋아요 굿잡,회사 응답 없음
2025-09-11,공모주일정,3.0,광고가 너무 길어요. 광고 안 나오는 유료앱도 있으면 좋겠어요,회사 응답 없음
2025-08-13,공모주일정,5.0,업뎃 이후에 남은 알람취소가 한번에 안되서 아쉽습니다!다시 넣어주세요 ㅠ 배정 못받은 공모주는 알람취소로 구분해놨었거든요 .. 아니면 배정 못받은 주식을 구분해놓을수있는 뭔가가 있으면 좋겠어요!,"공모완료시에도 알람취소(알람설정) 될 수 있도록 조치하였으며, 추가로 배정기록 버튼을 통해 배정 받은 주수를 기록하고 목록에서도 이를 표시할 수 있도록 업데이트를 하였으니 최신버전으로 업데이트하시에 사용을 부탁드려요. 의견 남겨 주셔서 진심으로 감사드려요. 꾸벅"
2025-08-13,공모주일정,5.0,"꾸준히 잘 사용하고 있었는데, 얼마전부터 알람설정이 사라졌습니다. 예전부터 공모주청약 신청하고 배정이 되면 알람설정을 해두었는데, 지금은 배정받고 알람설정을 하려고 하면 아이콘이 없어져있습니다. 청약 전 종목에 대해서는 알람설정 아이콘이 있구요. 상장일 전까지는 알람설정을 할 수 있도록 해주시면 좋겠습니다.",공모완료시에도 알람설정(알람취소) 할 수 있도록 조치하였습니다. 추가로 배정기록 버튼을 통해 배정 받은 주수를 기록하고 목록에서도 이를 표시할 수 있도록 신규 기능도 추가되었으니 최신버전으로 업데이트하시에 사용을 부탁드려요. 의견 남겨 주셔서 진심으로 감사드려요. 꾸벅
2025-08-13,공모주일정,1.0,광고땜에 사용불가,회사 응답 없음
2025-07-03,공모주일정,1.0,광고 드럽게 많네 알림도 지멋대로 울림,회사 응답 없음
2025-06-13,공모주일정,5.0,다 좋은데 얼마 전부터 스케줄과 맞지 않게 알림 메시지가 뜹니다. 1주일 차이가 있는거 같은데 오류 수정 부탁드립니다.,회사 응답 없음
2025-06-10,공모주일정,5.0,내 인생 도우미,회사 응답 없음
2025-06-08,공모주일정,5.0,일정보기가 참 편해요.,회사 응답 없음
2025-06-02,공모주일정,5.0,공모 상장때마다 잘 참고하고 있어요.,회사 응답 없음
2025-04-10,공모주일정,1.0,광고가 너무 깁니다,회사 응답 없음
2025-04-03,공모주일정,1.0,광고 쩐다. 알람도 안오고 어플 실행해야 알람 울림. 글고 너무 조잡해요.,회사 응답 없음
2024-12-11,공모주일정,5.0,공모주 일정을 자주 체크해야했는데 앱을 설치해서 사용하니 너무 쉽게 일정을 확인 할 수 있어 좋았네요.,회사 응답 없음
2024-11-15,공모주일정,5.0,공모주 홧팅합시다.,회사 응답 없음
2024-11-05,공모주일정,5.0,더본은 믿어 봅니다.ㅎ,회사 응답 없음
2024-11-01,공모주일정,5.0,예전처럼 분위기 좋아졌음 좋겠네요.,회사 응답 없음
2024-10-29,공모주일정,5.0,하루하루 보는 재미가 솔솔하네유,회사 응답 없음
2024-10-22,공모주일정,5.0,소소하지만 공모주 분위기는 좋아지는거 같넉요.,회사 응답 없음
2024-10-01,공모주일정,1.0,광고가 떠서 이젠 떠납니다.,회사 응답 없음
2024-09-20,공모주일정,5.0,화면도 빠르고 사용하기도 편함. 유용하기가 그지없음.,회사 응답 없음
2024-09-17,공모주일정,5.0,추석 끝나면 분위기 좋아지면 좋겠어요.,회사 응답 없음
2024-09-14,공모주일정,5.0,공모주 일정체크 용도로 제격이네요.,회사 응답 없음
2024-09-13,공모주일정,5.0,말이필요없네유.,회사 응답 없음
2024-09-11,공모주일정,5.0,공모주만 십년넘게 진행한 사람입니다. 이 앱은 저같은 사람에게 필수템이네요.,회사 응답 없음
2024-09-09,공모주일정,5.0,이번주엔 더 자주 들어와야겠네요. 이주도 좋은 결과가 생겼으면 너무 좋겠네요.,회사 응답 없음
2024-09-05,공모주일정,5.0,작년보단 그래도 올해가 좋긴하네요. 최근 좀 식긴했지만요.,회사 응답 없음
2024-09-04,공모주일정,5.0,다음주부터 공모가 다수 보이네요. 심심했는데 매일 한번씩 보면서 재미를 느끼고 있었거든요.,회사 응답 없음
2024-09-03,공모주일정,5.0,이번달은 공모가 많아서 심심하지 않을것 같아요. 매일한번씩 들여다보는 앱이네요.,회사 응답 없음
2024-08-31,공모주일정,5.0,사용한지 꽤 오래됐는데 서비스 안 끊기고 좋음.,회사 응답 없음
2024-08-30,공모주일정,5.0,다음달은 공모주 좋은거라 기대해 봅니다.,회사 응답 없음
2024-08-29,공모주일정,5.0,9월은 많이 기대되는 달이네요. 관심을 계속 가지도록 해야겠네요.,회사 응답 없음
2024-08-13,공모주일정,5.0,공모주와관련해서는이거만한게없어요.,회사 응답 없음
2024-08-11,공모주일정,5.0,이것만큼 공모주에 유익한 어플은 없는거 같아요.,회사 응답 없음
2024-08-06,공모주일정,5.0,주식시장이 좀 어지럽지만 공모주는 꾸준히 해볼만 합니다.,회사 응답 없음
2024-07-27,공모주일정,5.0,오 이번주에도 상장하는게 있어서 가끔씩켜서 확인해 봐야겠네요.,회사 응답 없음
2024-07-24,공모주일정,5.0,오우 내가 원하는 공모주만 달력에 표시해 주는 기능이 최고임. 내가 꼭 필요했던 기늣였음.,회사 응답 없음
2024-07-23,공모주일정,5.0,오늘도 공모했어요. 대박나라~,회사 응답 없음
2024-07-22,공모주일정,5.0,여러개 참여하면 나중에 헛갈렸는데 참여표시 기능이 생겨서 너무 좋네요. 개발자님도 분명 공모주 많이 하시는분이 틀림없다~,회사 응답 없음
2024-07-18,공모주일정,5.0,올해는 공모주로 수익이 좋네요. 초보들도 쉽게 이해할 수 있게 구성되서 좋습니다.,회사 응답 없음
2024-07-17,공모주일정,5.0,요즘 공모주가 잘 힘을 못 쓰는것 같은데.. 그래도 또 분위기야 언제든 바뀔 수 있으니 계속 지켜보고 있어야겠네요.,회사 응답 없음
2024-07-17,공모주일정,3.0,편리하기는 하나 광고가 길어서 패쓰ㅡ삭제,회사 응답 없음
2024-07-04,공모주일정,5.0,유익하네요. 공모주 하는데 도움이 참 많이 되네요.,회사 응답 없음
2024-07-03,공모주일정,3.0,알람만 믿고서 일정변경 알람이 업데이트 되지 않아 놓쳤네요... 변졍된 일정 알람 업데이트 방법이 있나요?,회사 응답 없음
2024-07-02,공모주일정,5.0,내가 진행하고있는 공모주만 추려서 볼 수 있는점이 가장 맘에 드네여~,회사 응답 없음
2024-05-02,공모주일정,5.0,완존 유용성이 최고네요. 앞으로도 계속 잘 쓰도록 하겠습니다.,회사 응답 없음
2024-04-13,공모주일정,5.0,공모주앱을 오랫동안 쓰다보니 여러방면으로 활용하고 있어요. 꼭 공모주가 아니더라도 실권주 일정도 볼 수 있고 그외 시장지표를 금방 볼 수 있어서 이런 여러기능들이 활용성을 높이는것 같습니다.,회사 응답 없음
2024-04-12,공모주일정,5.0,100점,회사 응답 없음
2024-04-10,공모주일정,5.0,궁금해서 설치해 봅니다. 좋은 경험이었으면 좋겠네요.,회사 응답 없음
2024-04-08,공모주일정,5.0,이번주는 총선 때문인지 일정이 거의 비웠네요. 틈틍히 일정체크하고 계획하는 재미도 있었는데 이번주는 일에만 집중해야 겠네요.,회사 응답 없음
2024-04-07,공모주일정,5.0,유용성이 최고에요.,회사 응답 없음
2024-04-04,공모주일정,5.0,그동안 공모주 일정을 수첩에 손으로 필기하며 관리해 왔었는데요. 이제 따로 정리해 놓치 않아도 되게되어 편해졌어요. 거기에 평단을 관리할 수 있어 나중에 히스토리를 볼 수 있어서 좋았습니다.,회사 응답 없음
2024-04-03,공모주일정,5.0,지난달에 4번 공모에 참여해서 모두 잘 되어서 좋았는데요 이번달도 출발이 상큼하니 좋습니다. 이번달도 지난달도 좋긴했지만 더 좋길 기원해 봅니다.,회사 응답 없음
2024-04-02,공모주일정,5.0,전에만해도 스팩은 인기가 없었고 수익도 별로 안났던 기억이었는데 요즘에는 스팩도 분위기가 너무 좋아진거 같아요. 경쟁률도 높고 지켜보기 재미도 있고 그렀네요.,회사 응답 없음
2024-04-01,공모주일정,5.0,제가 공모주에 관심을 가지고 계속 투자하고 있었는데요. 이런 앱이 있는 줄 오늘에야 알았네요. 매번 PC 에서만 일정과 정보를 찾아왔었는데 폰으로 볼 수 있으니 편하게 진행할 수 있게 되었네요.,회사 응답 없음
2024-03-31,공모주일정,5.0,너므 조아요. 많이 배울 수 있어 좋았네요.,회사 응답 없음
2024-03-30,공모주일정,5.0,이번달에 우리회사 공모가 있어서 바로 설치하고 사용하고 있어요. 몇 주 사용해보니 비슷한 성격의 앱 중에 이게 가장 사용성과 횔용도가 높아보이네요.,회사 응답 없음
2024-03-29,공모주일정,5.0,올해는 공모주가 많아서 심심하지 않은것 같아요. 매년 올해만 같으면 좋겠네요.,회사 응답 없음
2024-03-27,공모주일정,5.0,요즘 스팩주 집중 공모하고 있었는데 오늘도 재미가 솔솔했네요. 스팩 화이팅입니다.,회사 응답 없음
2024-03-26,공모주일정,5.0,한달동안 사용해보고 후기를 남깁니다. 일단 공모주와 관련해서는 이 앱하나로도 정보를 얻는데 충분해 보였습니다. 솔직히 관련 앱을 몇개를 설치했지만 이것만 쓰게 되네요. 솔직 후기였습니다.,회사 응답 없음
2024-03-25,공모주일정,5.0,내일 상장하는데 따따블되길 바래봅니다.,회사 응답 없음
2024-03-23,공모주일정,5.0,굿~♡♡♡,회사 응답 없음
2024-03-22,공모주일정,5.0,느므좋은거 가터요. 왜냐면 그냥 첫 화면에서 오늘의 이벤트가 있는 공모건이 자동 포커스되서 바로 사용할 수 있거든요. 그리고 달력에도 표시해주니 월초에 계획을 잡기가 수월합니다.,회사 응답 없음
2024-03-21,공모주일정,5.0,2020년도부터 공모주를 시작하면서 이 앱을 설치했고 여태까지 잘 쓰고 있는 사용자입니다. 오랫동안 공짜로 잘 쓰고 있는데 이리 글이라도 남겨야 할까? 싶어 이렇게 남기고 가네요. 좋은 앱 감사합니다.,회사 응답 없음
2024-03-20,공모주일정,5.0,오늘은 공모주가 없어서 심심하네요. 공모할게 있어서 해당 기업도 알아보고 어캐 해야할지 결정하고 이후 계획을 세우게되는데 그런게 생각보다 재밌거든요.,회사 응답 없음
2024-03-19,공모주일정,5.0,스팩주도 일반주도 다 일정이 제공되서 유익하게 사용하고 있습니다. 스팩주로 한번 대박을 얻어맞고는 이후 계속 관심을 가지고 참여하게 되었네요.,회사 응답 없음
2024-03-18,공모주일정,5.0,요즘 스팩주들이 보살님들이네요. 오늘도 스팩이 진행되어 당연히 참여하게 되었네요. 스팩주 이 분위기 그대로 유지되길 기도 뿜뿜해봅니다. 모두들 권승하시길..,회사 응답 없음
2024-03-17,공모주일정,5.0,무료로 쓸 수 있어서 고게 마음에 들고 기능도 대빵 많아서 써보는 재미가 있었어요. 지금처럼 계속 공짜로 쓸 수 있음 좋겠어요.,회사 응답 없음
2024-03-15,공모주일정,5.0,공모주 할지 모르는 사람들이 처음 시작할때도 도움이 되네요. 제가 그랬거든요. 그래도 이 앱 덕분에 지금은 대부분 이해하면서 공모에 참여하게 되었습니다.,회사 응답 없음
2024-03-14,공모주일정,5.0,오호라 매일 캘런더에 추가해서 확인하면서 공모에 참여했는데 이젠 그럴 필요가 없어졌네요. 그리고 개인 생각을 말해보자면 별의별 재테크를 다 해봤지만 경험상 공모주가 최고라고 생각되네요.,회사 응답 없음
2024-03-12,공모주일정,5.0,3월에 공모주가 쫌 있어서 재밌을거 같은데 4월에 별로 공모가 없어 보이네요. 4월엔 좀 심심한 달이 될거 같아 아쉽긴하네요. 대박 공모주 왕창 나왔으면 좋겠습니다^^,회사 응답 없음
2024-03-11,공모주일정,5.0,정보가 많고 기능도 많고 이라저래 쓸데가 많은것 같습니다. 아직 써본지 얼마되지 않아서 좀 더 써보고 다시 후기 남겨보도록 하겠습니다.,회사 응답 없음
2024-03-09,공모주일정,5.0,이 공모주 어플 사용한지 어언 3년은 넘어가네요. 꽤 오래시간 써오면서 많은 도움을 받았지만 리뷰하나도 남기지 못한게 마음에 걸려서 이렇게 별쥠 다섯개 드리고 갑니다.,회사 응답 없음
2024-03-07,공모주일정,5.0,공모한 결과가 좋아 기분이 좋네요. 공모투자전엔 꼭 참고하긴 했는데 최근엔 한번도 손해본적없이 연전연승이네요. 투자자들에게 그래서 추천해 드리고 싶어요.,회사 응답 없음
2024-03-04,공모주일정,5.0,공모주 일정을 리스트로 보거나 달력으로 볼 수 있어서 하루에 한번정도는 띄워서 일정을 참고하고 있네요. 특히 달력에서 스팩주를 제외하거나 포함 할 수 있는게 좋더군요. 저는 스팩은 최근에나 관심이 있었지 그동안 투자하지 않아서 불필요하게 느껴진적이 있어서요.,회사 응답 없음
2024-03-01,공모주일정,5.0,3월내내 공모가 골고루 있어서 3윌에 자주 들러가야겠네요. 유용한 정보가 제공되어 잘 쓰고 있네요.,회사 응답 없음
2024-02-25,공모주일정,5.0,다음주에 기대되는 공모주가 있어 자주 열어보게 되네요 유익한 계산기들이 즐비해서 공모주 일정보는 외로도 자주 사용하게 됩니다.,회사 응답 없음
2024-02-17,공모주일정,3.0,간만에오니 광고영상 생긴게 너무불편하네요. 유료제거도 좋으니 고려좀해주세요.,회사 응답 없음
2024-02-12,공모주일정,5.0,설때 친척들에게 전파 많이했네요. 이거 하나면 공모주를 배우고 시작할 수 있으니까요. 좋은 앱입니다.,회사 응답 없음
2024-02-02,공모주일정,5.0,놀랄정도로 도움이 되는 앱이네요.,회사 응답 없음
2024-01-25,공모주일정,4.0,너무 잘 사용하고 있습니다. 개발에 감사드립니다. 다만 어떤 광고는 x나 넘어가는 버튼이 안나오는 경우가 있습니다. 다시 껐다 켜야하는데 이런 광고는 관리 부탁드리겠습니다.,회사 응답 없음
2023-12-04,공모주일정,5.0,"공모주 참여할지 결정하기전, 참여를 결정하고 나서 체크해야할 것들 그리고 필요한 많은 계산기들이 제공되고, 실제 공모 후 기록들 남기거나 공모관련 달력들을 모두 볼 수 있는 앱입니다. 한달 써본 유저로서 사용후기 남기니 참고들 하셔서ㅈ사용해 보세요. 개인적으로 강추합니다.",사용기를 좋게 써주셔서 진심으로 감사드려요. 계속 발전하도록 노력하겠습니다. 꾸벅
2023-12-03,공모주일정,5.0,유용하니 도움됩니다.굿~,좋은 평점 남겨 주셔서 진심으로 감사드려요. 꾸벅
2023-12-02,공모주일정,5.0,오랫동안 쓰던 폰을 새거로 바꾸고 새로 설치했는데 와우 제가 원했던 기능들이 추가 되어 있어 놀랬네요. 특히 청약했던 기록과 팔았던 기록까지 남길 수 있게되어 얼마쯤 이득이 생겼는지 나중에 다시 볼 수 있게된거와 달력으로 일정을 모두 볼 수 있게된게 진짜 좋습니다. 무궁한 개선에 잘 쓰도록 하겠습니다!,만족하게 사용하시고 계시다니 다행이네요. 계속 발전해 나가도록 노력하겠습니다. 좋은 리뷰 남겨 주셔서 감사드려요. 꾸벅
2023-10-25,공모주일정,1.0,광고가 너무김 삭제,회사 응답 없음
2023-10-23,공모주일정,5.0,달력으로 필요한 공모일정만 간단히 보고 싶은데 불편함. --------------- 추가 ) 업데이트로 반영해주셨네요. 한눈에 일정 보기 편합니다.,안녕하세요. 달력으로 공모주 일정보기 기능이 추가된 새로운 버전이 업데이트 되었으니 최신버전으로 업데이트하시어 사용을 부탁드려요.
2023-10-17,공모주일정,1.0,개같은 1분짜리 강제광고때문에 지움 알림삭제하면 강제로 튕기게 하고 다시 1분광고 봐야됨,회사 응답 없음
2023-09-20,공모주일정,1.0,앱 접속시 초반에 나오는 광고를 건너뛰기 하지 못함. 그 광고가 생각보다 길어서 접속할때마다 기다려야하는건 안좋네요.. 삭제합니다..,회사 응답 없음
2023-09-19,공모주일정,5.0,이번주 공모주가 엄청 많네요. 잘 참고하도록 하겠습니다. 쌩유~,회사 응답 없음
2023-09-18,공모주일정,1.0,로딩이 안돼요 제발 서버관리좀 하세요 #### 아니 뭔가 업데이트를했는지 앱을 실행하기전까지 안오던 알림들이 앱을 실행하니까 한꺼번에 오네요 ㅋㅋㅋㅋ 이게 무슨 알리미 어플. 지우고 다른 어플 찾으러 갑니다~,"해당 부분이 개선되고, 달력으로 공모주 일정보기등등 기능도 업그레이드된 최신버전으로 업데이트하시어 사용을 부탁드려요. 사용에 불편을 드려 죄송해요."
2023-09-11,공모주일정,5.0,나같은 사람에겐 빛같은 어플이에욥!,회사 응답 없음
2023-09-11,공모주일정,1.0,뭔 광고를 적당히 해먹어야지,회사 응답 없음
2023-03-09,공모주일정,5.0,잘쓰고 있습니다. 감사합니다. 넘버원님의 블로그 주소가 2023년부터 바뀌었습니다. 링크를 바꿔주시면 좋겠네요.,회사 응답 없음
2023-02-01,공모주일정,3.0,아버지가 s22+ 휴대폰으로 사용중인데 어느순간부터 스크롤만 내리면 튕기는 증상이 지속적으로 일어나고 있습니다 수정 부탁드려요,회사 응답 없음
2026-01-30,공모러,1.0,안드로이드 업데이트해도 하단바가 자꾸 겹칩니다 버튼이 겹치니깐 입력을 할수가 없어요 하...툭하면 이러니깐 짜증이 납니다,"불편을 드려 죄송합니다. S9, S9+, 노트9 에서 동일 증상이 있다는 연락을 받았습니다. 공모러가 업데이트된 것은 없어서 안드로이드 문제로 보이는데 확인이 어렵네요.. 😭 문제 확인 및 수정이 되는대로 공지 드리겠습니다."
2026-01-06,공모러,5.0,해결! 찬양하라 공모러 갓벽한 공모러,"바로 해결되어 다행입니다! 감사합니다! 😆

이 문제는 기기 내 웹뷰 앱의 버그입니다.
공모러 앱 우상단에 확성기 버튼을 누르시면 공지사항이 나오는데요,
""🔧 버튼 겹쳐보이는 문제 해결 방법"" 참고하셔서 웹뷰를 업데이트 하시면 문제가 해결됩니다! 😀"
2025-12-31,공모러,5.0,있으면 좋겠는 거 다 있는 최고의 어플!! 주변에 추천 중입니다!!!,오우 25년 마지막 리뷰 였네요. 좋은 리뷰 &amp; 추천 감사합니다! 26년 새해 복 많이 받으세요! 😁
2025-12-22,공모러,4.0,잘쓰다가 갑자기 어플이 안열립니다. 재설치해도 똑같이 다시시도 표시만나옵니다. 해결부탁드려요.,"서비스는 당일 정상화 됐고 근본 원인 파악하여 해결 완료되었습니다! 감사합니다. 😂

서버가.. 다운됐습니다.. 😰
이런 일이 없었는데.. 불편을 드려 죄송합니다. 😭
금일 밤 늦게 조치가 가능할 듯 합니다.."
2025-12-22,공모러,5.0,오늘 설치했는데 접속이 안됩니다. 다시시도라고 뜨네요,"서비스는 당일 정상화 됐고 근본 원인 파악하여 해결 완료되었습니다! 감사합니다. 😂

서버가.. 다운됐습니다.. 😰
이런 일이 없었는데.. 불편을 드려 죄송합니다. 😭
금일 밤 늦게 조치가 가능할 듯 합니다..
"
2025-12-22,공모러,3.0,1. 인터넷 브라우저에서 클릭해도 열리지 않음. 2. 앱 제거 후 재다운로드 해도 열리지 않음. 계속 하얀 화면만 나오고 다시 시도하라는 문구 보임. 해결방법 알려주세요,"서비스는 당일 정상화 됐고 근본 원인 파악하여 해결 완료되었습니다! 감사합니다. 😂

헉.. 서버가.. 다운됐습니다.. 😰
금일 밤 늦게 조치가 가능할 듯 합니다..
불편을 드려 죄송합니다. 😭"
2025-12-20,공모러,4.0,앱이보기편하고 좋네요,"리뷰 감사합니다.
점점 더 개선하고 있어요! 😀"
2025-12-19,공모러,5.0,정말좋고 너무편해요 일정뿐아니라 단계적 체크하는 기능덕분에 공모주관리 수월합니다 감사합니다!,"좋은 리뷰 감사합니다!
공모주 투자하면서 힘들었던 점들, 사용자 분들이 제안해주신 부분들을 개선하면서 점점 더 편해지고 있어요! 😀"
2025-12-18,공모러,5.0,내 공모주를 모두볼수 있어서 너무 좋아요,"좋은 리뷰 감사합니다!
성투하세요! 😆"
2025-12-17,공모러,5.0,사용하기 편리해요~,"좋은 리뷰 감사합니다! 😀
계속해서 기능 개선 작업 진행하고 있어요!"
2025-12-15,공모러,5.0,"너무 편한 어플이라 주변에 다 추천하고 있습니다!!! 1가지 질문이 있는데, 비용에 공모가는 따로 넣을수가 없나요? 수익-비용에 나오는 가격은 공모가는 비용에 포함안되서 순수익이 안나오는것 같습니다","추천 감사합니다! 😆

문의 주신 수익계산 관련,
입력 방식이 두가지 입니다. 1. 실현손익 2. 매도가 인데요, 실현손익으로 입력하신 것 같고, 매도가로 변경하시면 되겠습니다.

변경은 수익 입력 팝업에 설정 아이콘을 눌러서 가능합니다. 혹시 해결이 안되시면 카톡으로 문의 주세용~~"
2025-12-12,공모러,5.0,광고 보면 3일 광고 제거되는 기능 혁신적이네요. 전체적인 화면 구성은 클래식하지만 써 본 앱들 중에 제일 좋습니다.,"좋은 리뷰 감사합니다! 😆
앱 무료 운영과 지속적인 개발을 위해 광고를 달았지만 돈안쓰고 광고 안볼 수 있는 방법을 제공하고 싶었어요 😀
앞으로도 성투하세요!"
2025-12-11,공모러,5.0,공모러들의 필수앱! 사용한지 이제 한달됐는데 펀해요 감사합니다 🥰,"
좋은 리뷰 감사합니다!
요새 괜찮은 공모주가 많아서 좋네요. 😀
성투하세요!"
2025-12-04,공모러,5.0,내 수익 모아보기 만들어주세요 그것만 있으면 완벽할 듯 합니다. +) 확인했습니다. 감사합니다,내공모주 화면 위쪽에 요약 / 분석 / 리포트 버튼을 누르시면 내 수익을 여러가지 형태로 보여드립니다! 😀
2025-12-04,공모러,4.0,균등 최종 결과도 표시 되었으면 좋겠습니다,"청약 가능 시간은 일반적으로 청약일에 10시부터 4시까지 입니다. 다만 증권사, 종목 별로 조금씩 달라서 정확한 정보 제공이 어렵네요.. 😭

청약일에 해당 종목의 상세화면에서 유튜버 공모주린이님의 라이브 영상 링크가 제공됩니다. 여기서 가성비 청약 주수 등 유용한 정보를 함께 제공하고 있으니 참고하세요~!"
2025-12-03,공모러,5.0,"공모주 일정을 모아볼 수 있고 내 공모주도 어디까지 진행되었는지, 수익은 얼마나 되는지 한번에 관리할 수 있어서 매우 편해요 잘 쓰고 있습니다 내공모주나 일정 캘린더를 위젯으로 등록해서 휴대폰 홈 화면에서도 볼 수 있으면 더 좋을것 같아요","리뷰 감사합니다! 😆
위젯은 앱을 만든 방법과 다른 방법으로 만들어야 해서 지원을 못하고 있는데요, 방법을 좀 더 찾아보겠습니다! 성투하세요!"
2025-11-25,공모러,5.0,아주 유용하게 잘 만들었어요^^,"감사합니다! 😆
이용자 분들의 의견으로 이렇게 발전할 수 있었습니다!"
2025-11-22,공모러,5.0,공모주를 잊어버리지 않게 도움 많이 됩니다.,"리뷰 감사합니다!
요새 좋은 종목 많은데 성투하세요! 😀"
2025-11-07,공모러,5.0,정말 좋네요 청약 일정관리에 최적화!!,"좋은 리뷰 감사합니다!
잘 관리하시고 성투하세용!"
2025-09-09,공모러,5.0,갑자기 내공모주 리포트에 내역이 사라졌어요ㅜ 로그인했죠. 그래서 질문드린거거든요 왜 날아간걸까요 ㅋㅋ 감사합니다. 다른거 다해보고 네이버만 빼고 로그인을했었네요 유치원수준 질문에 빠르게 피드백주셔서 감사합니다,"금방 찾으셔서 다행입니다. 성투하세요! 😄

원래 사용했던 아이디로 로그인해야 합니다. 아마 이전과 다른 방법으로 로그인하셨을 거에요. ex. 로그인 방법은 3가지 : 카카오, 네이버, 아이디

로그인을 하셔야 합니다. 아이디 찾기에서 확인이 가능한데, 해보시고 안되시면 문의 &gt; 카카오톡으로 연락주세요. 찾아드리겠습니다. 😀"
2025-08-18,공모러,5.0,공모주 엑셀정리 너무 싫었는데 이런 어플이라니 대박입니다!!! 최고,"좋은 리뷰 감사합니다!
개발자가 직접 공모주 투자하면서 만들고 있어요! 😆
앞으로도 성투하세요!"
2025-07-29,공모러,5.0,인생 어플리케이션 입니다. 공모주 인생에 정말 유익하게 잘 쓰고 있어요.,"저도 공모주 투자하면서 편하게 쓰려고 만들었던 건데, 잘 이용해주셔서 감사합니다! 😀 앞으로도 성투하세요!"
2025-07-22,공모러,5.0,너무 잘 사용하고 있어요 그런데 상장일 일림은 잘 되는데 청약일 알림이 오지 않아요 기종은 갤럭시 S22 노트입니다 저만 그런가요?,"해당 문의는 카톡 상담으로 해결되었습니다. (앱을 재설치로 해결)

안녕하세요.
현재 알림은 잘 가고 있는 것으로 보입니다.
전체 &gt; 문의 메뉴에서 카톡으로 연락 부탁드립니다. 전체 &gt; 설정 화면에서 알림 설정 부분을 캡쳐해서 보내주시면 좀 더 빠른 확인이 가능할 것 같습니다."
2025-06-02,공모러,5.0,좋습니다 잘 사용하고 있습니다,리뷰 감사합니다! 요새 비수기이기도 하고 리뷰고 없었는데 힘이 되네요! ^^
2025-05-19,공모러,1.0,안 열리던 문제는 해결됐는데요. 앱 내 광고창에 검은배경+귀신이 입벌리고 쳐다보는 그림 자꾸 뜨는데요. 너무 거부감들어서 어플 켜기가 싫어질 정도입니다. 광고창 내에 그만보기 버튼 있길래 눌러도 눌러도 다시 나와요. 어떻게좀 안 되나요?,"광고는 구글에서 골라서 띄워주는데, 본인과 연관있는 광고가 나오는 것으로 알고 있습니다. 😅

별점 확인 좀 부탁드릴게요! 😂

공모러에서 사용하는 인증서의 정책적인 문제로 확인이 되어 조치하였습니다. 혹시 해결되셨으면 리뷰로 알려주시면 감사하겠습니다. 😂
불편을 드려 죄송합니다!"
2025-04-28,공모러,5.0,기기변경으로 실현손익 기입 방법에 대한 개발자님의 친절한 답변 감사합니다. 공모주 청약하면서 항상 도움을 많이 받습니다.,리뷰 감사합니다! 올해도 성투하세요! 😀
2025-01-24,공모러,5.0,앱 잘 쓰고 있습니다 청약 정보란에 공모주 환매청구권 유무도 올려주시면 안돨까요? 요즘 공모주 불패가 깨져서 청약할 때 유용한 정보로 쓰일꺼 같습니다,"[250322] 환매청구권 정보 추가되었습니다! 상세정보 및 내공모주 화면에서 확인 가능합니다 😀


[250124] 맞습니다.. 저는 미트박스 못팔고 물렸네요.. ㅜㅜ 환매청구권 수집 가능할지 검토해보겠습니다! 새해 복 많이 받으세요!"
2025-01-19,공모러,2.0,잘 되다가 올해부터 열기 누르면 그냥 하얀 화면만 나옵니다... 삭제 후 설치해도 안되네요. 넵...웹접속 잘됩니다. 혹 카카오톡 문의는 어캐하나요? 혹시 이전 버전 다운 못할까요???,"[250115]
혹시 브라우저에서는 되시나요?
https://gongmorer.kr

[250114] 구형폰인 제 갤럭시6 모델에서 정상동작되는 것 확인한 상태입니다. 혹시 문제 해결되셨는지요?

[250109] 확인해보니 인증서 문제가 아닌 것으로 보입니다. 앱 삭제 후 다시 설치해보시겠어요? 그리고 인터넷 브라우저에서는 동작하는지 확인 부탁드립니다. https://gongmorer.kr

[250103] 불편을 드려 죄송합니다. 일부 기기에서 인증서 문제가 있는 것으로 보이는데요, 이 부분 확인해보겠습니다. 그런데 제가 휴가 중이라.. 1월 8일 이후에 확인 가능할 것 같아요. 이 부분 양해 부탁드립니다.. ㅜㅜ"
2024-11-19,공모러,5.0,다 좋은데 공모주 상장일 알림을 내가 청약한 공모주만 받을 수 있게 개선 해주세요. 요새 공모주 빙하기라 청약 거의 안 하고 있는데 청약 안 한 공모주들이 자꾸 알림 와서 너무 불편합니다,전체 &gt; 설정 에서 '원하는 종목만 알림 받기' 로 설정하시면 내공모주로 등록한 건만 알림을 받게 됩니다. 혹시 위와 같이 설정되어 있는데도 알림을 받으신거면 카톡 문의하기로 아이디 알려주시면 좀 더 상세히 확인해보겠습니다. 😄
2024-11-09,공모러,3.0,한가지문의드릴게있는데 공모러앱에서는 내가받게될 배정주식수(균등/비례)는 제공안하는건가요? 이틀동안 청약을진행하는중간중간에투자자들이청약몇건을참여하였으며내가받게될실시간예상주식수도알수없고.. 청약이종료되고나서도투자자들이몇건청약을하였는지 내가 몇주를받게될지도 제공안해주는건가요?제공을안하는건지 제가못찾는건지..제공을안하는거라면 좀아쉽네요..나머지는다좋은데..,"안녕하세요
말씀하신 예상 배정주수를 제공하려면 증권사마다 청약경쟁률을 알아야 계산할 수 있는데요,
청약경쟁률을 실시간으로 수집할 방법이 없어서 제공이 어렵습니다 😭

청약 종료 후에도 공시문서를 통해 전체 경쟁률은 나오는데, 증권사별로는 안나와서 계산이 안됩니다..

대신 공모러에서는 청약기간 동안 공모주린이님의 라이브 청약경쟁률 방송 링크를 드리고 있고요,

이 방송을 통해서 예상 배정주수나 최고 가성비로 청약하려면 얼마나 해야 하는지 등을 알 수 있으니 참고 부탁드려요~!"
2024-10-25,공모러,5.0,다른 어플 쓰다가 공모러로 넘어왔어요. 직관적이고 각 공모주별로 관리할 수 있어서 편리해요. 이럴줄 알았으면 진작 넘어올껄..ㅋㅋ 하나 부탁드리고 싶은 것은 혹시 위젯기능을 추가해주시면 좋겠어요. 폰 첫 화면에 놓고 보고싶어요^^ 어플 점수는 100점이에요. 최고최고,"리뷰 감사합니다~!
위젯 기능은 여러가지 검토가 필요해서 진행 못하고 있는데요, 좀 더 살펴보겠습니다!
의견 감사합니다 😃"
2024-10-24,공모러,5.0,아 좋아요. 공모주한거 입력만하믄 자동으로 수익률이랑 다 나오네요 굿,"리뷰 감사합니다!
꼼꼼히 관리하시고 성투하세요! 😆"
2024-10-18,공모러,3.0,평소에 잘 사용하다가 지금 접속이 아예 안되네요?,"별점 확인 좀 부탁드릴게요! 😂

안녕하세요
사용자가 몰려서 처리가 안되는 상태였는데 지금 복구되었습니다!"
2024-10-18,공모러,4.0,계속 잘 썼다가 지금 현재 앱이 들어가지지 않습니다. 무슨 문제가 있는건가요?,"지금 복구되었습니다!

안녕하세요
사용자가 몰려서 처리가 안되는 상태입니다. 얼른 조치하겠습니다! 😭"
2024-10-18,공모러,3.0,앱이 안열려요ㅜ,"별점 확인 좀 부탁드릴게요! 😂

지금 복구되었습니다!

지금 사용자가 몰려서 처리가 안되고 있는 상황입니다. 얼른 조치하겠습니다. 잠시 후에 이용 부탁드려요! 😭"
2024-08-23,공모러,5.0,그냥 굿또 ^___^,"😍😍😍😍😍
리뷰 감사해용~!
굳굳"
2024-08-23,공모러,5.0,이 어플만 씁니다 너무 편해요!,"좋은 리뷰 감사합니다!
앞으로도 많이 이용해주세요~! 😘"
2024-08-19,공모러,5.0,잘쓰고 있습니다 그런데 투자리포트에서 매도 수량이 적용되지 않아 수익금합계가 다르게 표시되네요 매도수량이 1주로만 인식됩니다,"투자리포트에서는 각 월별 합계를 보여주는데요, 월별 합계에는 종목별 수익금을 합친 금액이 표시되고 종목별 수익금에는 매도 수량에 따라 계산된 값이 나오게 됩니다.

지금 제 폰에서는 문제가 없어 보이는데요, 카톡으로 화면 캡처 및 추가 설명을 좀 부탁드립니다!"
2024-08-18,공모러,5.0,"공모주 관련 최고의 앱, 잘 정리되고 보기도 편하며 업데이트도 빨라 공모러앱 하나면 다 됩니다.","리뷰 감사합니다!
카톡으로 의견 주신 위젯 추가 건은 따로 검토해보겠습니다~! 😃"
2024-08-08,공모러,5.0,주식애소리 활동잠정중지인데 공모주유튜브 다른채널로 링크하셔야할듯,"[240813]
답변이 늦었습니다. 😅
8/9 부터는 공모주린이님의 영상으로 제공되고 있으니 참고 부탁드립니다. 감사합니다.

헉 알려주셔서 감사합니다. 다른 유튜버로 변경 준비하겠습니다. 😭"
2024-07-31,공모러,5.0,어플너무잘쓰고있습니다 오해가있던부분은 답변덕분에 잘해결되었습니다 요어플 너무 좋아요 상세하게공모주에대해 자세히 나와있고 수익률적는것도 편하고 너무좋아요 강추합니다~~,"리뷰 감사합니다!
문의주셨던 내용이 공통적으로 궁금할 수 있는 부분 같아서 가이드를 조금 더 상세하게 추가하였습니다. 감사합니다. 좋은 하루 되세요 😊"
2024-07-22,공모러,5.0,최고의 어플 말이 필요 없습니다 최고에요,오우 좋은 리뷰 감사합니다! 잘 쓰고 계신것 같아 좋습니다 ^^ 남은 한해도 성투하세요~!
2024-07-20,공모러,5.0,공모주 청약의 전 과정을 아주 편리하게 관리해줍니다. 강추합니다!! (추가의견) 캘린더에서 가독성을 높혀주세요. 글씨체를 조금 가늘게 하면 어떨까요? (추가의견 2) 캘린더에서 표시되는 순서를 위에서부터 청-환-상으로 하면 어떨까요? 업무 진행순서대로 하면요. ㅡ&gt; (답변에 대한 의견: '일정'에서는 순서대로 보이는데 '내공모주'에서는 제각각으로 보입니다),"[240722]
내공모주 달력에 문제가 있었네요! 수정되었습니다. 의견 감사합니다 😆

[240718]
의견 감사합니다! 달력 내 일자별로 표시되는 일정들은 대체로 청/환/상 순으로 표시가 되고 있는데요, 청약일이 이틀이라 간혹 배치가 좀 달라지기도 합니다. 혹시 말씀하시는게 이 부분이 아니면 다시 연락 부탁드려요~~

[240611]
의견 감사합니다! 굵게 했다 가늘게 했다 해보면서 검토해보겠습니다! 😁

[240314]
좋은 리뷰 감사합니다! 😃
더욱더 편리하게 사용할 수 있도록 개선해나가겠습니다!"
2024-07-17,공모러,5.0,너무 잘쓰고있습니다! 최고!,쪼아님 좋은 리뷰 넘 감사해요! 장마 비 조심하시구 성투하세요! 😆
2024-07-02,공모러,5.0,공모주 매번 넣는데 완전 편합니다!!,"좋은 리뷰 감사합니다! 😀
남은 올해도 성투하세요~!!"
2024-05-01,공모러,5.0,공모주일정 설정에 기업인수목적(스펙) 종목은 선택사항으로 필터링 할수있으면 좋겠어요. 그 외는 모두 맘에 듭니다. 개발 감사드립니다^^,"좋은 리뷰 감사합니다! 👍
[전체 &gt; 알림 설정 &gt; 정보 설정] 에서 스팩을 안볼 수 있게 설정 가능합니다.
이 부분 달력 설정에 넣으면 더 좋을거 같은데 따로 검토해보겠습니다! 😁"
2024-04-25,공모러,5.0,"로그인을 다시 하니 알람이 오긴하는데 로그인이 계속 풀려서 알림이 됐다 안됐다 하네요. 카톡으로 로그인 하는데 왜 로그인이 계속 풀리는지 모르겠네요 😭 s24 울트라에서 알림이 안옵니다. 예전에 s20에서는 잘 됐는데 이상합니다. 알림권한, 배터리 제한없음, 기타 알림설정 모두 정확히 했는데 s24 울트라에서만 알림이 안오네요.","[240428]
제 쪽에서는 문제 재현이 안되서 원인 파악이 어렵네요.. 😭 문제가 계속 발생하고 있는 상태신가요?

[240426]
혹시 어떤 상황에서 로그인이 풀리는지 확인 가능하실까요? 제가 가진 폰들에서는 카카오 로그인도 계속 안풀리고 유지되어서, 특정 시나리오가 있을까 해서 문의드립니다.

[240424]
[전체 &gt; 알림 설정] 에서 [원하는 종목만 알림 받기] 로 되어 있으면 내공모주로 등록된 종목에 대해서만 알림을 받게 됩니다.

이 부분 설정 확인 부탁드리며, 카톡으로 연락 주시면 좀 더 자세히 확인 가능할 거 같습니다. 연락주세요~! 😀"
2024-04-22,공모러,3.0,왜 업뎃이 아닌 다운그레이가 됬는지? 기존. 매도가와 수수료 입력시 수수료 포함한 수익률이 아닌 걸로 수정됬는지...,"별점 확인 좀 부탁드릴게요! 😂

관련해서는 변경된게 없는데요, 카톡으로 문의 바랍니다."
2024-02-06,공모러,5.0,매우만족합니다 감사합니다,"좋은 리뷰 감사합니다!
리뷰가 큰 힘이 됩니다! 😀"
2024-02-02,공모러,5.0,깔끔한 인터페이스와 꼭필요한 기능까지 완벽 그잡채,"좋은 리뷰 감사합니다! 😆
몇가지 좋은 기능들이 더 추가될 예정에요!"
2024-01-31,공모러,5.0,선생님 대출이자계산기에 cma(자유입출금통장)이자 계산 기능 추가해주실순 없을까요? 어플은 최고입니다 네 기회비용제거하고 싶은데 자유입출금통장은 소득세 15.4%가 발생하여 계산이 맞지않아서요 👍,"[240213]
이자소득세 빼는 기능 추가되었습니다! 이자계산기에서 구분을 예금으로 하시면 됩니다. 😀

[240201]
문의하기로 보내주신 내용이군요. 답변을 메일로 드렸었는데 등록하신 메일 주소가 잘못됐는지 메일 전송이 실패했습니다.
의견주신 내용은 수익 &gt; 비용에 추가해야할거 같은데, 검토해보도록 하겠습니다. 지금 진행 중인 일이 있어서 시간이 좀 걸릴 수 있어요~! 😂

[240131]
리뷰 &amp; 의견 감사합니다.
사용한 증거금에 대해 수익에서 기회비용을 제하려는 목적이신가요?"
2024-01-30,공모러,5.0,너무 좋아요 ㅎㅎ 근데 위젯이 만들어지면 더 좋을 것 같습니다!,"리뷰 &amp; 의견 감사합니다!
위젯 지원은 좀 시간이 필요할 듯 하나 검토해보겠습니다. 감사합니다! 😊"
2024-01-28,공모러,5.0,메모하기 너무 좋아요.잘 사용하고 있습니다,"좋은 리뷰 감사합니다!
더 편하게 투자할 수 있게 개선해나갈게요! ^^😁"
2024-01-26,공모러,5.0,비례 1주당 필요 증거금도 계산 해주면 너무너무 좋을 것 같은데 가능한가요?,"비례로 한주 받을 수 있는 증거금은 경쟁률에 따라 실시간으로 변동됩니다. 경쟁률이 높아지면 증거금도 올라가는 식인데요, 이 부분은 제공이 어려워서 유튜버 공모주린이님의 라이브 방송 링크를 제공하고 있습니다. 해당 방송에서는 최적의 증거금을 실시간으로 알려주고 있고, 방장님이 질문에 대한 답변도 해주고 다른 사람들과 소통도 가능하니 참고하세요~!"
2024-01-26,공모러,5.0,👍 👍 👍 👍 👍,"리뷰 감사합니다!
😆😆😆😆😆"
2024-01-24,공모러,5.0,잘 쓰고 있습니다.,"앗 리뷰 업뎃해주셨네용 😀
공식용어는 기업인수목적인 듯하나 이걸 스팩으로 용어를 변경해서 보여줄지는 따로 검토해보겠습니다.

증권신고서에 나오는 공식 이름이 스팩 대신 기업인수목적 이라서 현재 앱에서도 그렇게 표시가 되고 있습니다.
혹시 이름이 아니고 내용 업뎃이 안되는거면 항목 확인 부탁드려요~
일단 정보수집은 일반 공모주와 동일하긴 합니다."
2024-01-24,공모러,5.0,잘 쓰고 있어요,"오 리뷰 감사합니다!! 👍
요새 특히 많은 분들이 잘 사용 중이신가봐요 😀"
2024-01-18,공모러,5.0,잘쓰고 있었는데 공모가 최초 제시가격이 사라졌네요 다시 표기해주세요 ㅠ 그리고 내공모주해제는 안되나요 .....,"희망공모가는 공모가 확정 전에만 표시되도록 변경했는데요, 추가 검토해보겠습니다.
내공모주 삭제는 내공모주 메뉴에서 휴지통 🗑 버튼 누르시면 삭제가 되니 참고하세요~!"
2023-12-24,공모러,5.0,오~~좋네요 이제서야알다니 24년공모주로 대박바람 ㅋ,"리뷰 감사합니다! 😀
24년에도 대박주 많이 받으세요~!"
2023-12-07,공모러,5.0,최고입니다!,강렬한 리뷰! 감사합니다! 🤩
2023-11-29,공모러,5.0,사용하기좋습니다 근데 교보스팩15가 상장일 반영이 늦네요 빠른 반영부탁트립니다,"리뷰 감사합니다!
교보스팩 15호는 12월 5일 상장인대요, 현재 공모러에는 반영되지 않았습니다. 정보를 얻어오는 방식에 한계가 있어서 그런데요, 이 부분을 현재 개선 진행 중입니다. 개선 후에는 공시문서가 등록되면 바로 반영이 되게 됩니다. 조금만 기다려주세요! 😅"
2023-11-28,공모러,5.0,와 진짜 청약해놓고 맨날까먹어서 매도 못하고 그랬는데 이거 정말 간편하고 군더더기 없이 최적화 되어있어서 최고네요!!,"리뷰 감사합니다!
더 좋은 앱이 될 수 있게 개선해 나가겠습니다! 😀"
2023-11-02,공모러,5.0,최대청약금액 표시됐으면 좋겠습니다,"의견 감사합니다.
신뢰성 향상을 위해 정보를 얻어오는 소스를 변경 중인데요, 변경 후 최대청약금액에 대해서도 검토해보도록 하겠습니다~! 😀"
2023-11-01,공모러,1.0,디자인이 허접하네요.,"[240122] 디자인이 일부 개편되었습니다. 확인해보세요~!

[231102] 디자인은 호불호가 있겠지만 아무래도 공모러는 디자이너가 있는 앱이 아니라 한계가 있습니다. 장기적으로 개선을 염두에 두고 있으니 참고 바랍니다. 😂"
2023-10-19,공모러,5.0,안녕하세요? 사용일이 2일이라 자세한 리뷰는 다시 하겠습니다. 먼저 감사인사를 드리고 싶어서 몇 자 남깁니다. 고맙습니다. 아주 편합니다. 번창하시길 기원합니다.,좋은 리뷰 감사합니다! 힘이 나는 리뷰네요 ㅜㅜ
2023-10-18,공모러,5.0,편하게 잘쓰고 있고 추천합니딘. 공모주 완료후 수량 오기입으로 수정시 수익율이 반영되지않습니다.,"수익률은 입력방식에 따라 계산방법의 차이가 있는데요, 매도가 입력 방식의 경우 매도수량을, 수익금 입력방식에서는 배정수량으로 계산하고 있습니다.

어떤 수량을 수정하셨는지 확인 부탁드리며, 카톡으로 연락주시면 더 자세히 안내가 가능하겠습니다.

리뷰 &amp; 제보 감사합니다! 😀"
2023-10-12,공모러,5.0,"공모주하시는분들은 필히 사용해보세요. 청약일정, 환불일정, 상장일정등 따로 챙기지 않아도 앱에서 알려줘서 너무 편리해요. 공모주 수익관리도 한눈에 보기 편합니다.","좋은 리뷰 감사해요!
매도일을 입력하면 입금되는 날에도 알림을 드립니다. 저도 아주 잘 사용하는 기능이니 많이 활용해주세요 ^^"
2023-10-11,공모러,5.0,최고입니다 안드로이드용으로 캘린더형식 위젯 만들어주세요^^,"좋은 리뷰 감사합니다!
의견주신 위젯은 고민해보겠습니다~!"
2023-08-29,공모러,2.0,로그인이 안되여!,"별점 확인 좀 부탁드릴게요! 😂

어제 로그인 문제가 있었습니다. 😭
지금은 해결되어 정상 동작 중입니다~!"
2023-08-29,공모러,5.0,오류인가요 오늘 안되요,"현재 로그인에 문제가 있습니다. 😭 
제가 출근을 해서.. 오늘 밤에 해결될 예정입니다.
오늘은 아래 사이트에서 이용 부탁드립니다.

https://gongmorer.kr

불편을 드려 죄송합니다. 😭"
2023-08-18,공모러,5.0,공모러 최고입니다.. 고객센터도 최고친절하고 정말 편리해요.. 승승장구하세요^^,"좋은 리뷰 감사합니다~!
카톡 문의 주셨었는데 좋게 봐주셔서 너무 감사해요^^
좋은 하루 되시구요~! 😆"
2023-08-11,공모러,5.0,공모주 수익관리 하기 막막했는데 한번에 보기편하고 계산도 알아서 해주고 진짜짱이에요!,"리뷰 감사합니다!
더 잼있고 편한 기능 준비 중이니 많이 이용해주세요~! 😄"
2023-08-10,공모러,5.0,좋은 어플 감사드립니다,리뷰 감사합니다~!
2023-07-23,공모러,5.0,"최고입니다. 공모에 필요한 모든 정보가 있네요. 증권가사 청약일전에 개설해야만 하는지, 청약중에 가능한지 정보도 제공해주면 더 좋을거같네요.",좋은 리뷰 &amp; 의견 감사합니다! 해당 정보는 표시할 위치가 마땅치 않은데 좀 더 고민해보겠습니다. 의견 감사합니다!
2023-07-19,공모러,5.0,좋습니다. 괜찮음,좋은 리뷰 감사합니다~!
2023-07-13,공모러,5.0,아주 편하고 정보등록도 빨라요,좋은 리뷰 감사해요~!! 😄
2023-05-08,공모러,4.0,여러 공모 정보와 스케줄이 보기 편하게 정리 되어 있어서 유용하게.잘 사용하고 있습니다. 다만 아쉬운게 균등최소수량 및 금액도 같이 표시 되도록 보완하면 좋을거 같습니다. 그리고 알람기능이 잘 작동하지 않아서 점검이 필요할거 같습니다.,"[230523] 최소청약수량 및 증거금이 표시될 수 있도록 기능 추가했습니다. 종목별 상세정보 팝업에서 확인 가능합니다. ^^

[230509] 리뷰 감사합니다!

균등최소수량은 저도 공모주 투자할 때마다 필요하다고 생각하는 정보인데요, 제대로된 정보를 수집할 방법이 마땅치 않아서 제공 못하고 있습니다. 😭

알림기능은 최신 폰에서는 권한허용을 해주셔야 해서 관련 기능을 넣은 앱을 오늘 올렸습니다. 앱 업뎃 후 공모러 홈에서 보이는 '알림권한 설정' 누르신 후 알림을 허용으로 설정해주시기 바랍니다.

그래도 혹시 문제 해결이 안되면 카톡으로 문의 부탁드려요~!

감사합니다."
2023-05-02,공모러,5.0,굿,좋은 리뷰 감사합니다! 👍
2023-03-05,공모러,5.0,진짜 너무 좋음 강추 손익계산만 좀 더 간편하게 되었으면 더 좋겠습니다 배정수량 입력하면 손익계산시 수량은 자동으로 계산되는 것도 가능하면 좋을 것 같아요!,"리뷰 &amp; 의견 감사합니다! 모든 수량을 한번에 파는게 아닐 수도 있어서 자동 입력을 안했었는데요, 자동화 고민해보겠습니다. 😀"
2023-02-22,공모러,5.0,너무 유용하게 잘 쓰고 있습니다. 수익 입력란에 수익금과 더불어 수익률도 기록할 수 있음 더 좋을것 같아요.,"[230804]
수익입력 팝업에 수익률 표시하도록 수정되었습니다!
동작 안정화 후 내공모주, 리포트 화면에도 적용 예정이니 참고 부탁드립니다. 감사합니다. ^^

[230225] 좋은 리뷰 감사합니다! 수익률도 꼭 표시하고 싶은 항목인데요, 입력할게 많아지면 사용이 또 어려워져서 고민이 됩니다. 좋은 해결 방안을 찾아보겠습니다. 의견 감사합니다."
2023-02-21,공모러,5.0,완벽합니다. 다만 스팩공모주는 분리할수 있는 기능 추가 되면 좋을것 같아요!,"[230614]
스팩, 리츠 정보를 숨길 수 있게 설정이 추가되었습니다! 더보기 &amp;gt; 설정 에서 확인 가능합니다. 좋은 의견 감사합니다 ^^

[230222] 좋은 리뷰 감사합니다! 스팩, 리츠 분리건은 고민해보겠습니다. 감사합니다."
2023-02-18,공모러,4.0,최대청약수량이랑 금액도 표기해주시면 좋을거 같아요,리뷰 감사합니다. 해당 정보 추가 가능할지 검토 진행하겠습니다.
2022-11-08,공모러,5.0,너무 편하고 좋아요! 주변에 공모주하시는 분들께도 추천드리고 있어요,"리뷰 넘 감사해요! 👍
더 좋은 기능으로 보답하겠습니다!"
2022-10-17,공모러,4.0,실권주가 없어졌네요 아쉽습니다 그리고 일정이 변경되면 즉각반영됐으면 좋겠어요,"[231218] 일년도 넘은 요청인데요, 이제 DART 공시문서에서 정보를 가져옵니다. DART 에 등록되면 최대 30분 이내에 변경사항들이 반영됩니다!

[221020] 실권주 메뉴 추가되었어요! 😀

[221017] 리뷰 감사합니다! 실권주는 이용하시는 분들이 많지 않아서 아직 재개발되지는 않았는데, 조만간 추가하겠습니다.

일정은 38커뮤니케이션 기준으로 30분 정도의 시차를 두고 업데이트 되는데요, 혹시 더 빠른걸 원하시는 걸까요? 아니면 혹시 반영 안된 케이스가 있었는지 문의드립니다. 감사합니다!"
2022-09-26,공모러,5.0,알람설정이 기본으로 되게 해주셨으면 합니다. 일일히 클릭해서 들어가서 각각 알람설정 하는것이 불편하고. 전체 리스트에서 알람이 지정된 종목인지 아닌지 구분이 안됩니다.,"[230307] 전체 알림 기능이 추가되었습니다. 더보기 - 알림 설정에서 확인 가능합니다!

[220926] 의견 감사합니다! 😀 모든 종목에 대한 알람 받을 수 있도록 기능 추가하겠습니다. 지금 전체 앱을 다시 만들고 있는데 이게 생각보다 오래 걸려서.. 마무리 되는대로 기능 추가할게요! ^^"
2022-07-31,공모러,5.0,최고의앱,오우 짧고 강렬한~! 리뷰 감사해요!! 앱 버전업을 계속하고 있으니 업뎃 부탁드려요~!
2022-06-24,공모러,5.0,와 이거 진짜 좋아요.,좋은 리뷰 감사해요~! ^^
2022-05-27,공모러,5.0,공모주 관리할 때 정말 편리해요!,리뷰 감사해요! 앱은 계속 버전업 되고 있으니 업데이트 부탁드려요~!
2022-04-22,공모러,5.0,달력이 마음에 듭니다.,좋은 리뷰 삼사해요~! 😍
2022-04-19,공모러,4.0,오늘 어플 접속해보니 하루종일 인터넷연결안됨으로 됩니다,"일부 사용자분들의 환경에서 문제 발생하는 것 확인해서 수정 진행했어요! 플레이스토어에 올렸는데 출시되면 업뎃 부탁드려요~!

[220420] 출시되었습니다. 1.0.8 버전으로 업뎃 부탁드려요~!"
2022-04-18,공모러,4.0,자꾸 인터넷 연결이 안됐다고 뜨네요. 이전까지는 안그랬는데..,"헉 앱 업뎃 후 발생하는 문제일거 같네요.. ㅜㅜ 원인 분석 진행 중입니다. 혹시 어떤 메뉴나 상황에서 발생하시나요? 재현이 잘 안되네용.. ㅜㅜ

[220420]
인터넷 연결 체크 관련 안정화되었어요! 1.0.8 버전으로 업데이트 부탁드려요~!"
2022-03-23,공모러,5.0,오늘의 유머에서 보고 왔어요 잘만드셨네요 잘쓸게요,오유에서 오셨군요! 오유에 올린 글이 관심을 못받았었는데 이렇게 앱도 사용해주시고 반가워용 ^^
2022-03-21,공모러,5.0,21.09.06 직관적이고 필요한 메뉴만 간단히 있어서 보기 편합니다. 개발자님께 여러가지 의견을 전달 했는데 빠른시일내 개발+적용해 주셔서 넘 감동입니다.^^ 사용하다가 좋은 의견 있으면 또 전달 드릴게요 내공모주에 캘린더로 일정이 한눈에 보이니 너무 보기 편하네요^-^ 22.03.22 추가 여전히 넘 잘 쓰고 있습니다. 개발자님 건의사항에 대한 피드백 잘해주셔서 늘 감사드리고 앱이 점점 더 쓰기 편하고 좋아지고 있습니다. 수고하세요^^,"기쁨님 안녕하세요. 주신 의견 덕분에 공모러가 더 좋아지고 있어 감사 말씀 드립니다. ^^ 알람 기능도 가능한한 빨리 진행하려 하고 있습니다. 조금만 더 기다려주세요~!

[0903] 기쁨님!! 알람 기능 추가되었습니다~! ^^"
2022-02-23,공모러,5.0,따로기록할필요가없어졌네요!! 정말짱~~,👍 리뷰 감사해요!! ^^
2022-02-21,공모러,5.0,딱 찾고있던 앱이 나왔네요! 혹시 광고 제거 유료버전을 출시할 생각은 없으신가요?,"리뷰 감사합니다~! 😍
광고 제거는 구독제로 하려고 생각하고 있어요.
그전에 몇가지 더 편리한 기능을 넣고 진행하려고 합니다.
지금은 청약한 증권사를 여러개 등록할 수 있게 하는 기능 개발 중이에요~!"
2022-02-19,공모러,5.0,참좋고 편리한 앱입니다. 강추합니다.,좋은 리뷰 감사해요! 더 편하게 만들게요!
2022-02-15,공모러,5.0,"유용한 앱 만들어주셔서 감사합니다. 한 가지 건의 드리고 싶은 게, 수익 계산을 매도일 기준으로도 볼 수 있는 기능이 있었음 좋겠어요. 상장 후 바로 안 팔고 몇 달 있다가 매도하는 경우도 있는데 수익이 상장일 기준으로만 잡히는 게 아쉽네요.","안녕하세요. 리뷰&amp;의견 감사합니다!

일단 매도일을 입력받아야 할텐데요,
입력할게 많아진다는 사용성 이슈와
매도를 여러번에 걸쳐서 할 수 있다는 점, 
매도일이 입력된 것과 안된 것의 혼합처리 등 고민할게 많아 보입니다.

좋은 방향으로 적용검토해보겠습니다. 감사해요~!"
2022-02-09,공모러,5.0,필요한 정보만 심플하게 관리 가능하네요 좋아요~,좋은 리뷰 감사합니다~! ❤
2022-02-04,공모러,5.0,굳 좋습니다,리뷰 감사해요~! 😆
2022-02-03,공모러,5.0,공모주 최고의 어플입니다,좋은 리뷰 감사해요~! 더 좋아지도록 개선하고 있어요!
2026-01-07,피너츠,5.0,"안녕하세요 아이폰 사용중일때 피너츠 공모주를 잘 사용하였는데, 갤럭시로 핸드폰을 바꾼뒤 로그인이 안됩니다ㅠ계속 애플아이디로 아이디보유중이라고만 뜨고, 해당 아이디로는 로그인할 수가 없네요! 다시 사용할 수있도록 방법을 알려주세요","안녕하세요? 공모주의 모든 것, 피너츠 공모주를 이용해 주셔서 감사합니다. 우선 불편을 드려 죄송하다는 말씀을 먼저 드립니다. 현재 안드로이드의 피너츠 공모주는 네이버, 카카오를 통한 로그인 방식만 가능합니다. finuts@ddasset.co.kr 로 기존아이디 또는 전화번호와 함께 기존계정 삭제를 요청주시면 기존계정을 삭제해드리겠습니다. 이후 재가입 하시면 원활히 사용하실 수 있으세요. 감사합니다"
2025-12-05,피너츠,1.0,갑자기 매매일지서 부터 일정달력 등 뭐든것이 초기화됨. 삭제후 다시깔아도 진행이 안됨.,"안녕하세요? 공모주의 모든 것, 피너츠 공모주를 이용해 주셔서 감사합니다.
최근 사용자 증가로 인해 서버로 부하가 자주 발생해서 지난 금요일(12/5) 피너츠 공모주 서버 업데이트 작업이 있었습니다.
현재는 모든 기능이 정상동작하고 있습니다.
불편을 드려 죄송하다는 말씀드리며 앞으로 보다 원활한 서비스 제공을 위해 항상 노력하겠습니다.
감사합니다."
2025-12-05,피너츠,5.0,503에러 나네요~ 서버 재부팅 ㄱㄱ,"안녕하세요? 공모주의 모든 것, 피너츠 공모주를 이용해 주셔서 감사합니다.
최근 사용자 증가로 인해 서버로 부하가 자주 발생해서 지난 금요일(12/5) 피너츠 공모주 서버 업데이트 작업이 있었습니다.
현재는 모든 기능이 정상동작하고 있습니다.
불편을 드려 죄송하다는 말씀드리며 앞으로 보다 원활한 서비스 제공을 위해 항상 노력하겠습니다.
감사합니다."
2025-12-05,피너츠,1.0,갑자기 로그아웃되더니 로긴도 안되고 둘러보기도 안되고 앱이 맛탱이 갔어요,"안녕하세요? 공모주의 모든 것, 피너츠 공모주를 이용해 주셔서 감사합니다.
최근 사용자 증가로 인해 서버로 부하가 자주 발생해서 지난 금요일(12/5) 피너츠 공모주 서버 업데이트 작업이 있었습니다.
현재는 모든 기능이 정상동작하고 있습니다.
불편을 드려 죄송하다는 말씀드리며 앞으로 보다 원활한 서비스 제공을 위해 항상 노력하겠습니다.
감사합니다."
2025-12-04,피너츠,4.0,최근 핸드폰을 바꿨는데 로그인이 계속 안되네요. 네이버와 카카오 계정 로그인만 나오는데 일반 아이디와 패스워드로 로그인 할 수 없나요?,"안녕하세요? 공모주의 모든 것, 피너츠 공모주를 이용해 주셔서 감사합니다.
피너츠 공모주는 네이버, 카카오를 통한 로그인 방식만 가능합니다. 문제가 발생할 시 finuts@ddasset.co.kr로 증상을 말씀주시면 조치할 수 있도록 하겠습니다.
다른 방법으로의 로그인은 향후 검토할 수 있도록 하겠습니다.
감사합니다."
2025-11-13,피너츠,5.0,찾아보니 이상한광고도 안뜨고 앱자체가 깔끔해서 좋으네요. 잘쓰겠습니딘. 몇가지 요청드립니다.확인부탁드려요. 매매일지 작성시 상장당일 매도후 다음날 매도한다면 매도가.날짜등을 각각 다르게 설정해야하는데 종목하나에 추가입력이 안되네요~확인부탁드립니다*,"안녕하세요? 공모주의 모든 것, 피너츠 공모주를 이용해 주셔서 감사합니다.
피너츠 공모주의 매매일지는 분할매도 기능이 제공되지 않아 평균치를 입력하셔야 합니다. 해당 부분에 대한 반영을 검토할 수 있도록 하겠습니다. 감사합니다."
2025-08-30,피너츠,5.0,"(네이버 어플 로그인 상태에서) 네이버 로그인 누르면 pass 인증하라고 하고, 인증하면 이미 계정 있다고 로그인 하러 가기 뜨고, 누르면 다시 원점. 또 네이버 로그인 누르고 pass 인증 또 뜨고 무한반복 무한반복 오류 로그인 불가 몇달째네요 어떻게 로그인하나요 정말 그리고 로그인 안 하면 문의는 어디로 남기나요 고객센터 이메일도 안 보이고 찾고 찾다가 여기 남기네요","안녕하세요? 공모주의 모든 것, 피너츠 공모주를 이용해 주셔서 감사합니다. 우선 이용에 불편을 드려 죄송하다는 말씀을 드립니다.
네이버 인증 이메일과 가입이메일의 인증오류가 발생하는 것으로 보이는데요, finuts@ddasset.co.kr로 가입되어 있다고 나오는 이메일을 남겨주시면 확인 드리도록 하겠습니다. 감사합니다."
2025-08-12,피너츠,3.0,잘 쓰고 있었는데 얼마전부터 리포트가 무한로딩입니다. 리포트 모아줘서 보기 편했는데 계속 로딩중이라 아에 볼 수가 없음,"안녕하세요?
공모주의 모든 것, 피너츠 공모주를 이용해 주셔서 감사합니다.
이용에 불편을 드려 죄송합니다. 리포트 보기 기능에 오류가 발생되어 수정작업하여 업데이트 예정입니다.
조속히 정상화할 수 있도록 하겠습니다. 감사합니다."
2025-08-09,피너츠,1.0,몇가지 제안 요청드립니다. 관심종목 알람 받기를 선택시 디데이 옆에 표기를 해주면 좋을듯 하며 매매 일지 작성시 정정 삭제는 마이메뉴 들어가서 해야한다는점 (공모주 상세보기 우측상단에서 할수 있게 변경 하면 좋을듯합니다. 그리고 공모주 상세 보기에서 좌우로 넘겨서 다른 공모주를 볼수 있게 하면 좋을듯 (뒤로 갔다 다시 상세보기 눌러 들어가기 불편함) 매매 일지 작성시 매도일을 기본 상장일로 해주시고 변경 가능할수 있게 해주면 좋을듯 합니다.. 보안할점이 좀 있네요,"안녕하세요?
공모주의 모든 것, 피너츠 공모주를 이용해 주셔서 감사합니다.

피너츠 공모주를 이용해 주시고 좋은 제안을 해주신 점 감사드립니다. 제안해주신 내용들은 내부 검토를 통해 반영할 수 있도록 하겠습니다.

감사합니다."
2025-08-04,피너츠,5.0,잘 사용하고있어요 감사드려옷,"안녕하세요? 공모주의 모든 것, 피너츠 공모주를 이용해 주셔서 감사합니다. 사용자에게 도움이 될 수 있는 피너츠가 될 수 있도록 항상 노력하겠습니다. 감사합니다."
2025-07-22,피너츠,5.0,공모주에 대한 모든것이 깔끔하게 정리가 되어 너무 좋습니다. 평가도 점수로 해줘서 참고하고 있습니다. 3점 넘어가면 go인걸로... 너무 감사합니다.,"안녕하세요? 공모주의 모든 것, 피너츠 공모주를 이용해 주셔서 감사합니다. 사용자에게 도움이 될 수 있는 피너츠가 될 수 있도록 항상 노력하겠습니다. 감사합니다."
2025-06-24,피너츠,5.0,잘 쓰고 있어요!! 공모주 보기가 훨씬 편해졌어요 근데 제발~~~ 최소공모수량 금액좀 추가해주세용,"안녕하세요? 공모주의 모든 것, 피너츠 공모주를 이용해 주셔서 감사합니다.
최소 공모청약 수량은 공모종목 화면 &gt; 배정수량/청약한도 에서 확인하실 수 있으며
최소 공모 청약 금액은 해당 화면에서 금액보기 클릭시 확인하실 수 있습니다.
감사합니다"
2025-05-22,피너츠,5.0,정보가 너무 유용해요,"안녕하세요? 공모주의 모든 것, 피너츠 공모주를 이용해 주셔서 감사합니다. 사용자에게 도움이 될 수 있는 피너츠가 될 수 있도록 항상 노력하겠습니다. 감사합니다."
2025-05-22,피너츠,5.0,굿,"안녕하세요? 공모주의 모든 것, 피너츠 공모주를 이용해 주셔서 감사합니다. 사용자에게 도움이 될 수 있는 피너츠가 될 수 있도록 항상 노력하겠습니다. 감사합니다."
2025-05-19,피너츠,5.0,다른 비슷한 어플이랑 비교불가입니다 응원합니다~!,"안녕하세요? 공모주의 모든 것, 피너츠 공모주를 이용해 주셔서 감사합니다. 사용자에게 도움이 될 수 있는 피너츠가 될 수 있도록 항상 노력하겠습니다. 감사합니다."
2025-05-13,피너츠,5.0,공모주 일정관련 어플중에는 최고임,"안녕하세요? 공모주의 모든 것, 피너츠 공모주를 이용해 주셔서 감사합니다. 사용자에게 도움이 될 수 있는 피너츠가 될 수 있도록 항상 노력하겠습니다. 감사합니다."
2025-03-26,피너츠,5.0,우와 진짜 좋아요! 짱!,"안녕하세요? 공모주의 모든 것, 피너츠 공모주를 이용해 주셔서 감사합니다. 사용자에게 도움이 될 수 있는 피너츠가 될 수 있도록 항상 노력하겠습니다. 감사합니다."
2025-02-25,피너츠,5.0,공모주 카톡 알람이 안오네요..,"안녕하세요?
공모주의 모든 것, 피너츠 공모주를 이용해 주셔서 감사합니다.
작년말을 기준으로 피너츠 공모주에서 제공드리는 카톡알림은 푸시알림으로 변경되었습니다.
또한 푸시알림을 보다 실용적이면서 간결하게 전달드리기 위해 연구중에 있습니다.
도움이 될 수 있는 피너츠 공모주가 되겠습니다.
감사합니다."
2025-01-15,피너츠,5.0,아주 잘 참고하고 있습니다. '유통비율' 옆에 괄호치고 '유통금액' 도 나오도록 수정 바랍니다. 82 부탁드러요,"공모주의 모든 것, 피너츠 공모주를 이용해주셔서 감사합니다.
공모주 상세정보 페이지의 공모정보 파트에 유통비율과 시가총액이 표기되고 있습니다. 유통금액 부분은 반영 검토할 수 있도록 하겠습니다. 공모주 투자자에게 도움이 되는 어플이 될 수 있도록 하겠습니다. 감사합니다."
2024-10-24,피너츠,2.0,최근 2개월 간 계속 오류 나서 내용이 안 뜸,"안녕하세요? 공모주의 모든 것, 피너츠 공모주를 이용해주셔서 감사합니다. 말씀주신 내용은 버전이나 환경 등 여러가지 이유가 있을 수 있어서 finuts@ddasset.co.kr로 가입계정 아이디 또는 닉네임과 함께 증상을 말씀해주시면 보다 상세히 확인하여 회신드릴 수 있도록 하겠습니다. 이용에 불편을 드려 죄송합니다."
2024-08-22,피너츠,5.0,깔끔하고 좋음,"안녕하세요? 공모주의 모든 것, 피너츠 공모주를 이용해 주셔서 감사합니다.
사용자에게 도움이 될 수 있는 피너츠가 될 수 있도록 항상 노력하겠습니다. 감사합니다."
2024-07-30,피너츠,4.0,핸드폰교체후 기존 계정으로 로그인이 되질않네요. 계속 돌아가기만하고 가입하라해서 하면 있는계정이라하고 로그인하기하면 네이버카카오로 가입하기만 나오고 .. 방법을 알려주세요,"안녕하세요? 공모주의 모든 것, 피너츠 공모주를 이용해주셔서 감사합니다. finuts@ddasset.co.kr로 기존 가입계정 아이디 또는 닉네임과 함께 증상을 말씀해주시면 보다 상세히 확인하여 회신드릴 수 있도록 하겠습니다. 이용에 불편을 드려 죄송합니다."
2024-07-26,피너츠,4.0,잘사용하고 있습니다! 최소청약금액이 표시된다면 보고 바로입금할수있어서 편리할것같습니다,"안녕하세요? 공모주의 모든 것, 피너츠 공모주를 이용해주셔서 감사합니다.
저희 피너츠 공모주에서는 공모주 상세정보 &gt; 배정수량/청약한도 메뉴에서 최소청약와 최대청약한도를 수량과 금액으로 제공드리고 있습니다.
공모주 투자자에게 보다 도움이 되는 앱이 되도록 하겠습니다.
감사합니다, 좋은 하루 되세요."
2024-07-09,피너츠,5.0,최고예요,"안녕하세요? 공모주의 모든 것, 피너츠 공모주를 이용해주셔서 감사합니다. 공모주 투자자에게 도움이 되는 어플이 될 수 있도록 항상 고민하고 노력하겠습니다. 감사합니다."
2024-07-08,피너츠,5.0,좋아요 😀,"안녕하세요? 공모주의 모든 것, 피너츠 공모주를 이용해주셔서 감사합니다. 공모주 투자자에게 최고의 어플이 될 수 있도록 노력하겠습니다. 감사합니다."
2024-07-08,피너츠,3.0,"업데이트 하시겠습니까? 팝업이 뜨는데... 누르면 업데이트가 안되고, 계속 구글스토어 설치창만 반복됩니다.","안녕하세요? 공모주의 모든 것, 피너츠 공모주를 이용해 주셔서 감사합니다.
앱 업데이트가 접수될 시 구글 스토어에 반영되는 시점과 업데이트 인식 시점이 차이가 생기면서 발생하는 현상으로 추정되는 데요, 하루이틀 시간이 경과되면 괜찮아질 것으로 생각됩니다. 만약 같은 증상이 반복될 경우 finuts@ddasset.co.kr로 메일 주시면 보다 상세히 답변드릴 수 있도록 하겠습니다. 원치않게 이용에 불편을 드려 죄송합니다.
감사합니다."
2024-07-05,피너츠,3.0,배정수량 넣었는데 왜 평가 금액이 0원인가여??? 몇일전부터 그러는데 예) 공모가가 1만원이고 10주 배정 입력하면 평가금액 -10만 수수료 넣으면 수수료 포함 손익금액 떴는데 0원입니다 매도가를 지정해서 넣어도 0원 그 이전까지는 잘 사용했어요,"안녕하세요? 공모주의 모든 것, 피너츠 공모주를 이용해 주셔서 감사합니다.
이용에 불편을 드려 죄송하다는 말씀 먼저 드리며, 이번 업데이트에 매매일지가 일부 수정되어 반영됩니다.
같은 문제가 반복될 경우 finuts@ddasset.co.kr로 문제사항을 말씀주시면 보다 상세히 살펴볼 수 있도록 하겠습니다.
감사합니다."
2024-06-13,피너츠,2.0,캘린더도 있고 좋으나 자주 빈칸으로 나옴,"안녕하세요? 공모주의 모든 것, 피너츠 공모주를 이용해주셔서 감사합니다. 캘린더가 빈칸으로 보여지는 것은 해당 데이터의 처리 속도나 통신속도 부분에서 발생되는 사항으로 추정되는데요, 저희 서버쪽 특이사항 여부 확인할 수 있도록 하겠습니다. 이용에 불편함이 지속될 경우 finuts@ddasset.co.kr로 내용을 남겨주시면 보다 적극적인 대응을 할 수 있도록 하겠습니다. 감사합니다."
2024-05-12,피너츠,5.0,잘 사용하고 있습니다 폰트를 키우는 기능과 다크 모드 추가 하면 더자주 사용 하겠네요 낮에는 증권 앱 공모주는 밤에 저녁에 주로 보는 유저가 많습니다 이거 감안하셔서 기능 넣어 주시면 더 자주 사용 할것 같습니다 운세 서비스도 생년월일 시간 수정하면 고정되게 부탁드립니다,"안녕하세요? 공모주의 모든 것, 피너츠 공모주를 이용해주셔서 감사합니다. 다양한 제안을 해주신 점 감사드립니다. 말씀주신 사항은 반영 검토할 수 있도록 하겠습니다. 공모주 투자자에게 최고의 어플이 될 수 있도록 노력하겠습니다. 감사합니다."
2024-05-09,피너츠,5.0,최고라고 봅니다,"안녕하세요? 공모주의 모든 것, 피너츠 공모주를 이용해주셔서 감사합니다. 공모주 투자자에게 최고의 어플이 될 수 있도록 노력하겠습니다. 감사합니다."
2024-05-09,피너츠,5.0,공모주 스케쥴 확인하기 너무편함 감사,"안녕하세요? 공모주의 모든 것, 피너츠 공모주를 이용해주셔서 감사합니다. 보다 편리하고 다양한 기능을 제공드릴 수 있도록 항상 발전하겠습니다. 감사합니다."
2024-05-08,피너츠,5.0,사용하기 너무 편하고 좋아요,"안녕하세요? 공모주의 모든 것, 피너츠 공모주를 이용해주셔서 감사합니다. 공모주 투자자에게 도움이 되는 피너츠 공모주가 될 수 있도록 항상 노력하겠습니다. 감사합니다."
2024-04-19,피너츠,4.0,좋아요. 근데 왜 카톡 알림은 오다 안오다 하나요? 오늘 날짜 기준 4월 8일 이후로 카톡 알림 하나도 안왔어요,"안녕하세요? 공모주의 모든 것, 피너츠 공모주를 이용해주셔서 감사합니다.
카톡알림의 경우 5일간 피너츠 앱 미접속시 발송되지 않는 것으로 되어 있는데요, 위 경우에 해당되지 않으심에도 카톡알림이 발송되지 않으셨다면 finuts@ddasset.co.kr로 닉네임이나 아이디를 말씀주시면 확인하여 조치할 수 있도록 하겠습니다.
불편을 드려 죄송한 말씀드리며 보다 편리하게 이용하실 수 있도록 노력하겠습니다. 감사합니다."
2024-03-27,피너츠,5.0,필요하다 생각한 앱인데 있네요. 잘사용하고 있습니다. 매매일지는 시계열로 오토로 정렬되면 좋겠습니다. 그리고 연도별로도 접었다 펼수 있도록 되면 좋을것 같네요!,"안녕하세요? 공모주의 모든 것, 피너츠 공모주를 이용해주셔서 감사합니다. 매매일지 정렬 관련된 사항은 현재 준비중으로 곧 정리된 형태를 선보일 수 있도록 하겠습니다. 추가로 개선아이디어가 생각나시면 finuts@ddasset.co.kr로 메일주시면 감사드리겠습니다. 공모주 투자자에게 도움이 되는 어플이 되도록 노력하겠습니다. 감사합니다."
2024-03-09,피너츠,4.0,유용할 것 같아 설치를 하고 배정 계산하기를 눌러 금액을 작성하였는데 내용이 안보여져서 리뷰에 남깁니다.,"안녕하세요? 공모주의 모든 것, 피너츠 공모주를 이용해주셔서 감사합니다. 배정계산기 기능은 실시간 경쟁률과 균등배정수에 근거해 산출되기 때문에 청약중이거나 청약이 종료된 종목에 한해 작동됩니다. 맞게 진행하였음에도 오류가 발생되고 있다면 finuts@ddasset.co.kr로 회신주시면 바로 조치할 수 있도록 하겠습니다. 공모주 투자자에게 도움이 되는 어플이 되도록 노력하겠습니다. 감사합니다."
2024-03-04,피너츠,5.0,1.공모주 일정과 매매일지 체크할수도 있어서 좋음 2.근데 이거 설치하고 핸드폰 발열과 배터리 소모가 엄청나짐 이거때문인줄 모르고있다가 알림끄기하니 발열증상 사라짐,"안녕하세요? 공모주의 모든 것, 피너츠 공모주를 이용해 주셔서 감사합니다. 알림설정에서 발열과 배터리 소모가 발생하셨다는 부분은 개발팀에서 확인하여 조치할 수 있도록 하겠습니다. 추가로 문의하실 사항이 있으시면 finuts@ddasset.co.kr로 언제든 연락주세요. 감사합니다."
2024-03-04,피너츠,1.0,"기계를 바꿨는데 ""네이버로그인/본인인증/계정있음/로그인이동/네이버로그인""을 무한반복중임 로그인를 할수도, 문의할수도, 삭제도 할 수 없는 상황...","안녕하세요? 먼저 이용에 불편을 드려 죄송합니다. 네이버 로그인의 경우 네이버에서 인증용으로 회신주는 이메일 주소를 확인하여 아이디로 사용하고 있는데요, 네이버 정책 변경 등의 사유로 인증용 메일이 변경되는 경우 주로 그런 현상이 나타나게 됩니다. 네이버 설정에서 인증용 메일을 피너츠 아이디로 등록된 메일로 변경하시거나 finuts@ddasset.co.kr로 가입시 메일 또는 닉네임을 남겨주시어 회원 탈퇴 처리후 재가입하시면 정상적으로 이용가능하세요.
다시 한번 이용에 불편을 드려 죄송하다는 말씀 드립니다.
감사합니다."
2024-02-27,피너츠,1.0,메일첨부해서 보내드렸는데 아직도 안고쳐졌네요 첫실행시 상장일 공모가 나오는데 상장일 날짜가 짤려서 나옵니다 메일 보냈어요,"안녕하세요? 공모주의 모든 것, 피너츠 공모주를 이용해 주셔서 감사합니다.
이용에 불편을 드려 죄송합니다. 보내주신 메일은 확인하였으며 현재 개발팀에서 확인 중에 있습니다.
조치할 수 있도록 하겠습니다. 감사합니다."
2024-02-26,피너츠,1.0,알림 거부 해놓으니 앱실행할때마다 알림거부해놨다고 뜨는거보고 아..이앱은 알림무조건 키게 해서 광고푸쉬엄청 때리는 3류 찌라시 앱이구나. 라고 바로 느낌. 이거 보시는 분들은 일육공으로 넘어 오십쇼. 이거보다 훨 좋습니다,안녕하세요? 피너츠 공모주의 알림설정에 대한 요청은 기기의 알림설정이 익숙하지 않으신 회원님들께서 알림 미설정에 따른 푸시 미수신에 대해 확인 요청을 상당수 하셔서 알림설정 요청 설정한 것일 뿐 현재 피너츠 공모주에는 어떠한 광고도 없는 상태입니다. 오해 없으셨으면 좋겠습니다 ㅜㅜ. 알림설정은 마이 페이지에서 개인별로 설정하실 수 있습니다.
2024-02-01,피너츠,5.0,공모주 투자 하려면 필살기 입니다!!!!!,"공모주의 모든 것, 피너츠 공모주를 이용해주셔서 감사합니다. 공모주 투자자에게 도움이 되는 최고의 어플이 될 수 있도록 항상 노력하겠습니다. 감사합니다. 2024년 새해 복 많이 받으세요~^^"
2024-01-30,피너츠,2.0,피너츠 공모주를 잘 깔고썻는데 기기를 바꿨습니다 네이버로 로그인하려하니 계정가입화면이나오고 본인인증하고나면 이미가입된계정이라뜨고요 카카오로 가입하려하니 네이버가 있다고해서 안되고.. 기기변경할때 로그인이 이상해지는 부분에대해 조치가 필요합니다..,"안녕하세요? 공모주의 모든 것, 피너츠 공모주를 이용해주셔서 감사합니다. 우선, 이용에 불편을 드려 죄송합니다. 피너츠 공모주는 탈퇴 후 재가입시 약 1영업일이 소요되는데요 해당기간 미경과시 말씀주신 현상이 발생될 수 있습니다. 보다 편리하게 이용할 수 있도록 방식을 개선할 수 있도록 하겠습니다. 감사합니다."
2024-01-30,피너츠,3.0,설치를 몇번 다시해도 계속해서 업데이트하라고 뜨네요. 확인바랍니다.,"안녕하세요? 공모주의 모든 것, 피너츠 공모주에 관심을 가져주셔 감사합니다. 우선 이용에 불편을 드려 죄송한 말씀을 드립니다. 업데이트 팝업이 지속해서 뜰 때는 안드로이드 측와 저희 측의 앱버전 처리 차이가 생겨 그런 것이었는데요, 06시30분부로 조치를 하여 현재는 정상동작되세요. 같은 현상이 반복되지 않도록 더욱 주의 하겠습니다. 감사합니다."
2024-01-16,피너츠,1.0,네이버로 로그인하기가 안됩니다. 확인부탁드려요,"안녕하세요? 공모주의 모든 것, 피너츠 공모주에 관심을 가져주셔 감사합니다.
우선 이용에 불편을 드려 죄송한 말씀을 드립니다. 저희 측에서 네이버 로그인 테스트를 진행할 땐 큰 특이사항이 발생되지 않아서 문제를 파악하기 어려운 부분이 있는데요, 번거로우시겠지만 문제가 발생된 부분은 finuts@ddasset.co.kr 로 보내주시면 빠른 시일내 조치할 수 있도록 하겠습니다. 감사합니다."
2024-01-10,피너츠,5.0,공모주 분석하긴 최고네요.,"공모주의 모든 것, 피너츠 공모주를 이용해주셔서 감사합니다. 공모주 투자자에게 도움이 되는 최고의 어플이 될 수 있도록 항상 노력하겠습니다. 감사합니다. 2024년 새해 복 많이 받으세요~^^"
2024-01-10,피너츠,5.0,검나좋음,"공모주의 모든 것, 피너츠 공모주를 이용해주셔서 감사합니다. 좋다고 해주시니 저희도 넘나 좋습니다^^
공모주 투자자에게 도움이 되는 어플이 될 수 있도록 하겠습니다. 감사합니다.
2024년 새해 복 많이 받으세요~^^"
2024-01-10,피너츠,5.0,아주 좋아요!!,"공모주의 모든 것, 피너츠 공모주를 이용해주셔서 감사합니다. 공모주 투자자에게 도움이 되는 어플이 될 수 있도록 하겠습니다. 감사합니다.
2024년 새해 복 많이 받으세요~^^"
2023-12-13,피너츠,1.0,알람 설정을 강제합니다. 오프해놨더니만 킬때마다 알람 설정으로 넘어가서 설정하라고 하네요 ㅡㅡ,"안녕하세요?
사용자 건의사항으로 피너츠 공모주의 푸시 알림 기능을 원활한 사용을 위해 현재는 알림설정 허용을 요청하고 있습니다. 알림설정 오프 상태에서 앱 알림설정만 확인하고 알림기능이 작동하지 않는다는 건의가 많았어가지구요;;; 현재 앱구동시마다 알림설정을 확인토록 하고 있습니다.
푸시 알림을 원치 않으시는 경우 마이&gt;알림설정에서 알림 기능을 해지하시는 쪽을 권장드리며, 이후 버전에서는 최초 설치시에만 확인하는 방향으로 개선할 예정입니다.
의도치 않게 이용에 불편을 드려 죄송합니다. 보다 편리하게 이용하실 수 있도록 노력하겠습니다.
감사합니다."
2023-11-22,피너츠,3.0,처음인데 잘사용해볼께요 상장일 유통가능금액 표시해주면좋은것같습니다,"공모주의 모든 것, 피너츠 공모주를 이용해주셔서 감사합니다. 저희는 유통가능금액 대신 유통비율을 표기하고 있는데요, 유통가능금액 표기에 대해 검토할 수 있도록 하겠습니다. 의견 감사합니다. 앞으로도 많은 관심과 애정 부탁드립니다^^"
2023-11-14,피너츠,5.0,와 갓어플이 드디어 나왔네요. 저도 같이 어플 보완해가고싶어요. 멋져요,"공모주의 모든 것, 피너츠 공모주를 이용해주셔서 감사합니다. 보다 멋진 어플, 보다 도움이 되는 어플이 될 수 있도록 힘내겠습니다. 감사합니다~!! 좋은 하루 되세요~^^"
2023-11-06,피너츠,5.0,좋아요,"공모주의 모든 것, 피너츠 공모주를 이용해 주셔서 감사합니다.
공모주 투자자에게 도움이 되는 멋진 공모주 어플이 되겠습니다~!! 좋은 하루 되세요~^^"
2023-10-26,피너츠,5.0,우선 일정보기가 매우 편합니다. 그리고 주간사가 여러개인 경우 주간사 별로 실시간 경쟁률을 쉽게 확인할수 있습니다. 망하지 않고 오래도록 서비스 했음 좋겠어요!,"공모주의 모든 것, 피너츠 공모주를 이용해 주셔서 감사합니다. 오래토록 공모주 투자자에게 도움이 되는 어플이 되겠습니다~ 감사합니다~!!"
2023-10-25,피너츠,5.0,일정관리가 너무 편해요 정말 좋아요😀,"공모주의 모든 것, 피너츠 공모주를 이용해 주셔서 감사합니다. 공모주 투자자에게 도움이 되는 어플이 되겠습니다~ 행복한 하루 되세요~^^"
2023-10-20,피너츠,5.0,땅콩? 좋아요!,"공모주의 모든 것, 피너츠 공모주를 이용해 주셔서 감사합니다. 공모주 투자자의 힘이 되는 땅콩이 되겠습니다.ㅎㅎ
좋은 하루 되세요~^^"
2023-10-13,피너츠,5.0,잘 사용하고 있어요. 감사합니다,"공모주의 모든 것, 피너츠 공모주를 이용해 주셔서 감사합니다. 공모주 투자자에게 진짜 도움이 되는 어플이 되겠습니다~ 감사합니다."
2023-10-06,피너츠,5.0,좋은 정보들이 많네요.,"공모주의 모든 것, 피너츠 공모주를 이용해 주셔서 감사합니다. 공모주 투자자에게 필수 어플이 될 수 있도록 보다 고민하고 노력하겠습니다~ 감사합니다."
2023-09-30,피너츠,5.0,몇개만 보고 판단할 수 있어 좋아요,"공모주의 모든 것, 피너츠 공모주를 이용해 주셔서 감사합니다. 공모주 투자자에게 도움이 되는 어플이 되겠습니다~ 감사합니다."
2023-09-30,피너츠,5.0,쉽고 편리하게 되있어서 이번 두산로보 배정 잘받았어요. 고맙습니다.,"공모주의 모든 것, 피너츠 공모주를 이용해 주셔서 감사합니다. 피너츠가 도움이 되었다니 너무 기쁩니다. 보다 도움이 되는 어플이 되겠습니다~ 감사합니다."
2023-09-22,피너츠,5.0,완전 좋아요! 짱짱,"공모주의 모든 것, 피너츠 공모주를 이용해 주셔서 감사합니다. 공모주 투자자에게 완전 도움이 되는 어플이 되겠습니다!! 공모주 투자로 짱짱 수익 거두세요~ 감사합니다."
2023-09-22,피너츠,5.0,앱이 깔끔하고 편리하네요. 도움이 많이 되네요! 잘 쓰겠습니다.,"공모주의 모든 것, 피너츠 공모주를 이용해 주셔서 감사합니다. 공모주 투자자의 수고를 덜어주는 어플, 공모주 투자자에게 도움이 되는 어플이 될 수 있도록 항상 노력하겠습니다. 많은 응원 부탁드립니다~"
2023-08-18,피너츠,5.0,다양한 공모주 관련 정보를 많아서 좋아요,"공모주의 모든 것, 피너츠 공모주를 이용해 주셔서 감사합니다. 공모주 투자자의 수고를 덜어주는 어플, 공모주 투자자에게 도움이 되는 어플이 될 수 있도록 항상 노력하겠습니다. 많은 응원 부탁드립니다~"
2023-08-16,피너츠,5.0,좋은데 질문이 있습니다 아침마다 오는 알림카톡 안받는 방법없을지요?,"공모주의 모든 것, 피너츠 공모주를 이용해 주셔서 감사합니다.
[하단메뉴) 마이 &gt; 알림설정 &gt; 카카오알림톡 : 설정 해제] 하시면 알림카톡을 받지 않으실 수 있습니다.
공모주 투자자에게 도움이 되는 어플이 될 수 있도록 노력하겠습니다. 감사합니다."
2023-08-15,피너츠,1.0,삭제했는데도 알림이 계속 뜨면 어떡해요,"공모주의 모든 것, 피너츠 공모주 입니다. 앱 삭제시 푸시 알림은 제공되지 않으며 카카오알림톡의 경우 최근 2주간 로그인 기록이 없으면 발송되지 않습니다. 회원탈퇴가 아닌 단순 앱삭제는 저희쪽에서 확인할 수 없는 부분이라 당장 조치해드리지 못하는 점 양해 부탁드립니다. 감사합니다."
2023-08-05,피너츠,5.0,너무 편하게 되어 있어서 좋아요.,"공모주의 모든 것, 피너츠 공모주를 이용해 주셔서 감사합니다.
공모주 투자자에게 도움이 되는 어플이 될 수 있도록 노력하겠습니다.
감사합니다."
2023-08-04,피너츠,5.0,편해요. 깔끔하고,"공모주의 모든 것, 피너츠 공모주를 이용해 주셔서 감사합니다. 보다 더 편리하고 깔끔한 모습으로 공모주 투자자에게 도움이 되는 어플이 될 수 있도록 노력하겠습니다. 감사합니다."
2023-07-29,피너츠,5.0,추천 받아설치했는데 괜찮네요 잘쓰겠습니다,"공모주의 모든 것, 피너츠를 이용해 주셔서 감사합니다. 공모주 투자자들이 최고로 꼽는 공모주 투자정보 앱이 될 수 있도록 항상 연구하고 노력하겠습니다. 성투하세요~^^"
2023-07-25,피너츠,5.0,"공모주 스케줄, 경쟁률 깔끔한 ui로 파악할수 있는게 강점이에요!","공모주의 모든 것, 피너츠를 이용해 주셔서 감사합니다. 강점은 더욱 강하게, 약점은 보완하는 피너츠가 되겠습니다. 즐거운 하루 되세요~^^"
2023-07-24,피너츠,5.0,아주 유용한 앱 정보가 한눈에 들어옵니다,"공모주의 모든 것, 피너츠를 이용해 주셔서 감사합니다. 공모주 투자자가 즐겨 찾는 최고의 공모주 투자정보 앱이 되겠습니다. 즐거운 하루 되세요~^^"
2023-07-21,피너츠,5.0,공모주 처음하는데 별점이 있어서 판단하기 편하네요 ㅎㅎ 계속 공모주 해봐야겠어요!,"공모주의 모든 것, 피너츠를 이용해 주셔서 감사합니다. 사용자에게 실질적 도움이 되는 공모투 투자정보 앱이 될 수 있도록 최선을 다하는 피너츠가 되겠습니다. 감사합니다. 성투하세요~!!^^"
2023-07-21,피너츠,5.0,편리하고 괜찮은듯!,"공모주의 모든 것, 피너츠를 이용해 주셔서 감사합니다. 보다 편리하고 보다 나은 공모주 투자정보 앱이 될 수 있도록 노력하겠습니다, 좋은 하루 되세요^^"
2023-07-21,피너츠,5.0,와~없는게 없네요! 사용하기 꽤 편하고 잘만든거 같습니다.,"공모주의 모든 것, 피너츠를 이용해 주셔서 감사합니다. 공모주 투자자에게 도움이 되는 공모주 투자정보 앱이 될 수 있도록 오늘도 힘내겠습니다. 감사합니다~!!"
2023-07-20,피너츠,5.0,기대가 됩니다,"공모주의 모든 것, 피너츠를 이용해 주셔서 감사합니다. 기대에 부응할 수 있도록 노력하겠습니다!!"
2023-07-19,피너츠,5.0,캘린더 형식이라 편리합니다.~~ 공모주 대박 !!,"공모주의 모든 것, 피너츠를 이용해주셔서 감사합니다. 사용자에게 보다 도움이 되는 공모주 투자 정보 앱이 될 수 있도록 열심히 하겠습니다. 많은 응원 부탁드려요."
2023-07-18,피너츠,5.0,카톡 일정알람이 와서 좋습니다. 그리고 캘린더가 깔끔해요. 실시간 경쟁률을 보여주고 있고 배정계산기가 있어서 편리하네요. 투자별점은 투자에 도움이 많이 됩니다. 추가했음 하는것은증권사별 배정수량과 공모금액도 알려주시면 좋겠네요. 잘 쓰겠습니다. 감사합니다.,"공모주의 모든 것, 피너츠를 이용해주셔서 감사합니다. 공모주 투자자에게 도움이 되는 어플이 될 수 있도록 노력하겠습니다. 피너츠에 제안하고 싶은 사항, 문의 사항이 있으시면 finuts@ddasset.co.kr 로 언제든 편하게 말씀 부탁드려요. 피너츠를 이용해주셔서 감사합니다."
2023-07-18,피너츠,5.0,공모주 스케줄을 쉽게 확인할 수 있어 넘 편리하네요. 퍼니츠 공모주 앱으로 대박나세요^^,"공모주의 모든 것, 피너츠를 이용해주셔서 감사합니다. 공모주 투자자에게 도움이 되는 어플이 될 수 있도록 노력하겠습니다. 피너츠에 제안하고 싶은 사항, 문의 사항이 있으시면 finuts@ddasset.co.kr 로 언제든 편하게 말씀 부탁드려요. 피너츠를 이용해주셔서 감사합니다."
2023-07-17,피너츠,5.0,너무 좋네요,"공모주의 모든 것, 피너츠를 이용해주셔서 감사합니다. 공모주 투자자에게 도움이 되는 어플이 될 수 있도록 노력하겠습니다. 피너츠에 제안하고 싶은 사항, 문의 사항이 있으시면 finuts@ddasset.co.kr 로 언제든 편하게 말씀 부탁드려요. 피너츠를 이용해주셔서 감사합니다."
2023-07-16,피너츠,5.0,공모주 관심있어서 사용하고 있는데 사용방법도 간단하고 편하게 쓰고 있습니다~,"공모주의 모든 것, 피너츠 공모주를 이용해 주셔서 감사합니다.
공모주 투자자에게 도움이 되는 어플이 될 수 있도록 노력하겠습니다. 감사합니다"
2023-07-16,피너츠,5.0,공모주 투자에 이 어플 하나면 되는거 같아요~ 최고~~!!!!,"공모주의 모든 것, 피너츠를 이용해주셔서 감사합니다. 공모주 투자자에게 도움이 되는 어플이 될 수 있도록 노력하겠습니다. 피너츠에 제안하고 싶은 사항, 문의 사항이 있으시면 finuts@ddasset.co.kr 로 언제든 편하게 말씀 부탁드려요. 피너츠를 이용해주셔서 감사합니다."
2023-07-10,피너츠,5.0,공모주 처음 해보는데 지인추천으로 실치했습니다. 편리한것 같아요^^,"공모주의 모든 것, 피너츠를 이용해주셔서 감사합니다. 공모주 투자자에게 도움이 되는 어플이 될 수 있도록 노력하겠습니다. 피너츠에 제안하고 싶은 사항, 문의 사항이 있으시면 finuts@ddasset.co.kr 로 언제든 편하게 말씀 부탁드려요. 피너츠를 이용해주셔서 감사합니다."
2023-07-07,피너츠,5.0,공모주에관심이많은데 정말 좋은앱입니다.오래하시길바랍니다,"공모주의 모든 것, 피너츠를 이용해주셔서 감사합니다. 공모주 투자자에게 도움이 되는 어플이 될 수 있도록 노력하겠습니다.
피너츠에 제안하고 싶은 사항, 문의 사항이 있으시면 finuts@ddasset.co.kr 로 언제든 편하게 말씀 부탁드려요.
피너츠의 귀는 항상 열려 있답니다.
피너츠를 이용해주셔서 감사합니다."
2023-07-07,피너츠,5.0,너무 편해요~,"공모주의 모든 것, 피너츠를 이용해주셔서 감사합니다. 공모주 투자자에게 도움이 되는 어플이 될 수 있도록 노력하겠습니다.
피너츠에 제안하고 싶은 사항, 문의 사항이 있으시면 finuts@ddasset.co.kr 로 언제든 편하게 말씀 부탁드려요.
피너츠의 귀는 항상 열려 있답니다.
피너츠를 이용해주셔서 감사합니다."
2023-07-03,피너츠,5.0,사용하기 편하고 원하는 정보들이 다 있네요. 좋아요!,"공모주의 모든 것, 피너츠 공모주를 이용해 주셔서 감사합니다. 사용자들의 소리를 귀담아 들어며 보다 쉽고 편하게 공모주 투자를 할 수 있도록 노력하겠습니다.
감사합니다."
2023-04-02,피너츠,5.0,어플 잘 사용하고 있다가 핸드폰 바꿔서 재설치 했는데 접속이 안됩니다 어플 눌르면 강제 종료되요 ㅜ,"공모주의 모든 것, 피너츠 공모주를 이용해 주셔서 감사합니다.
사용에 불편을 드려 죄송합니다.
강제종료 현상에 대해 확인조치할 수 있도록 하겠습니다.
아울러 해당 내용 검토하고 finuts@ddasset.co.kr 로 오류 현상에 대해 보다 상세히 말씀 주시면 감사드리겠습니다.
앞으로도 사용자들이 쉽고 편하게 공모주 투자를 할 수 있도록 노력하겠습니다.
감사합니다."
2023-03-22,피너츠,5.0,"경쟁률, 알림, 캘린더에 별점까지 모두 꼭 필요하고 좋은 기능들이에요~ 최고~~!!!","공모주의 모든 것, 피너츠 공모주를 이용해 주셔서 감사합니다. 앞으로도 사용자들이 쉽고 편하게 공모주 투자를 할 수 있도록 노력하겠습니다 감사합니다."
2023-03-06,피너츠,5.0,웬만하면 리뷰 안쓰는데 앱이 너무 편리해서 리뷰 답니다 번창하셨으면 좋겠습니다.,"공모주의 모든 것, 피너츠 공모주를 이용해 주셔서 감사합니다. 앞으로도 사용자들이 쉽고 편하게 공모주 투자를 할 수 있도록 노력하겠습니다 감사합니다."
2023-02-28,피너츠,5.0,공모주 보기 너무 편해요~,"공모주의 모든 것, 피너츠 공모주를 이용해 주셔서 감사합니다. 앞으로도 사용자들이 쉽고 편하게 공모주 투자를 할 수 있도록 노력하겠습니다 감사합니다."
2023-02-25,피너츠,5.0,사용하기 편하게 잘 만든것 같습니다. 잘 사용할께요.,"공모주의 모든 것, 피너츠 공모주를 이용해 주셔서 감사합니다.
앞으로도 사용자들이 쉽고 편하게 공모주 투자를 할 수 있도록 노력하겠습니다
감사합니다"
2023-02-25,피너츠,4.0,갤린더에 청약 일정 첫날부터 다음날까지 색으로 표시 해주셨으면 합니다,"공모주의 모든 것, 피너츠를 이용해주셔서 감사드립니다.
좋은 의견 주셔서 감사합니다. 내부적으로 검토하여 해당 의견 반영 될 수 있도록 노력하겠습니다.
추가 문의사항이 있으시다면, finuts@ddasset.co.kr 메일주시면 감사하겠습니다. 피너츠를 이용해주셔서 감사합니다."
2023-02-20,피너츠,5.0,몇달 써봤는데 이거 찐이에요. 감사합니다.,"공모주의 모든 것, 피너츠 공모주를 이용해 주셔서 감사합니다. 공모주 투자자에게 도움이 되는 찐~ 어플이 될 수 있도록 노력하겠습니다. 감사합니다"
2023-02-20,피너츠,5.0,요즘 공모주가 핫한데 필수어플같네요~,"공모주의 모든 것, 피너츠 공모주를 이용해 주셔서 감사합니다. 공모주 투자자에게 도움이 되는 어플이 될 수 있도록 노력하겠습니다. 감사합니다"
2023-02-19,피너츠,4.0,초반엔 깔끔해서 잘썼는데 쓰다보니 이게 불편해서 갈아탑니다. 1) 알림 시간 설정이 안됨 : 대부분 공모 마감전에 경쟁률 확인하고 넣을텐데 그시기는 알림이 안됨 2) 일단 공모 시작하면 공모기간 상장일이나 공모기간등 보는게 따로없음.. 별로 어려운것도 아닌데 개선하면 다시 갈아탈 의향있습니다.,"공모주의 모든 것, 피너츠를 이용해주셔서 감사드립니다.
좋은 의견 주셔서 감사합니다. 내부적으로 검토하여 해당 의견 반영 될 수 있도록 노력하겠습니다.
추가 문의사항이 있으시다면, finuts@ddasset.co.kr 메일주시면 감사하겠습니다.

피너츠를 이용해주셔서 감사합니다."
2023-02-18,피너츠,5.0,공모주투자 정보는 이 어플 하나로 다 해결되네요,"공모주의 모든 것, 피너츠 공모주를 이용해 주셔서 감사합니다. 공모주 투자자에게 도움이 되는 어플이 될 수 있도록 노력하겠습니다. 감사합니다"
2023-02-17,피너츠,5.0,사용하기 너무 편리해요!,"공모주의 모든 것, 피너츠 공모주를 이용해 주셔서 감사합니다. 공모주 투자자에게 도움이 되는 어플이 될 수 있도록 노력하겠습니다. 감사합니다"
2023-02-17,피너츠,5.0,정말편리해요!,"공모주의 모든 것, 피너츠 공모주를 이용해 주셔서 감사합니다. 공모주 투자자에게 도움이 되는 어플이 될 수 있도록 노력하겠습니다. 감사합니다"
2023-02-16,피너츠,5.0,쩌네요,"공모주의 모든 것, 피너츠 공모주를 이용해 주셔서 감사합니다. 공모주 투자자에게 도움이 되는 어플이 될 수 있도록 노력하겠습니다. 감사합니다"
2023-02-14,피너츠,5.0,Ui가 깔끔하고 좋습니다 사용이 간단하고 메뉴 접근경로도 단순해서 사용성이 봏은것 같습니다 다만 간소화 하거나 과감히 생략해야 할 부분도 보여 앞으로 발전이 더 기대됩니다,"공모주의 모든 것, 피너츠 공모주를 이용해 주셔서 감사합니다. 공모주 투자자에게 도움이 되는 어플이 될 수 있도록 노력하겠습니다. 감사합니다"
2023-02-13,피너츠,5.0,알림기능이 정말 유용합니다.,"공모주의 모든 것, 피너츠 공모주를 이용해 주셔서 감사합니다. 공모주 투자자에게 도움이 되는 어플이 될 수 있도록 노력하겠습니다. 감사합니다"
2023-02-09,피너츠,5.0,편하고 유용해요,"공모주의 모든 것, 피너츠 공모주를 이용해 주셔서 감사합니다. 공모주 투자자에게 도움이 되는 어플이 될 수 있도록 노력하겠습니다. 감사합니다"
2023-02-06,피너츠,5.0,좋은어플 감사합니다. 너무편하네요.,"공모주의 모든 것, 피너츠 공모주를 이용해 주셔서 감사합니다. 공모주 투자자에게 도움이 되는 어플이 될 수 있도록 노력하겠습니다. 감사합니다"
2023-02-03,피너츠,5.0,대박입니다!,"공모주의 모든 것, 피너츠 공모주를 이용해 주셔서 감사합니다. 공모주 투자자에게 도움이 되는 어플이 될 수 있도록 노력하겠습니다. 감사합니다"
2023-01-11,피너츠,5.0,편리하고 좋아요~~~,"공모주의 모든 것, 피너츠 공모주를 이용해 주셔서 감사합니다. 공모주 투자자에게 도움이 되는 어플이 될 수 있도록 노력하겠습니다. 감사합니다"
2026-01-30,일육공,2.0,오류가 많고 ui ux도 별로임,회사 응답 없음
2026-01-30,일육공,5.0,좋아요!!!,회사 응답 없음
2026-01-05,일육공,3.0,"어플 자체는 도움이 많이 되는데, 너무 자주 팅기고 로그인도 맨날 풀려서 들어갈 때마다 귀찮음",회사 응답 없음
2025-12-17,일육공,3.0,일반종목은 투자노트쓰기 버튼이 있던데 스팩종목은 투자노트쓰기 버튼이 없나요?,회사 응답 없음
2025-12-11,일육공,2.0,앱 기능이나 인터페이스는 참 좋은데 안드로이드용 앱을 만들었으면 적어도 메인화면에서 뒤로가기 두번 하면 앱 종료되게끔 설계하는 건 필수입니다.. 아이폰 환경을 위주로 개발한 건지 뒤로가기 하면 앱 종료가 아닌 홈으로 나가지기만 하고 특정 메뉴 진입 상태에서 뒤로가기 누르면 이전 메뉴로 가는 게 아니라 홈으로 나가지네요. 매우 불편합니다.,회사 응답 없음
2025-12-08,일육공,1.0,비번 재설정하면 흰색 빈 화면 나와요 사용 할수가 없네요,회사 응답 없음
2025-12-06,일육공,3.0,이앱 처음 사용할려고 신청했는데 무지 복잡하네요 그냥 앱을 연동해 쓰는줄알았는데 계좌도 새로 만들어야하고 신분증 인증에서 10번도 넘게 재인증했는데 잘 안되더라고요 마지막으로 실패하면 그만둘려했더니 인증이 됐네요,회사 응답 없음
2025-12-05,일육공,3.0,뒤로가기를 누르면 이전화면으로 가지 않고 앱이 종료됩니다.,회사 응답 없음
2025-12-03,일육공,4.0,뒤로가기 누르면 앱종료가 되어버림 ㄷㄷㄷ,회사 응답 없음
2025-12-01,일육공,5.0,청약이 너무너무 편해졌지 말입니다,회사 응답 없음
2025-12-01,일육공,1.0,비밀번호 변경이 불가하여 접속을 못하고있는 상황,회사 응답 없음
2025-11-30,일육공,5.0,160 일년동안 사용한 후기를 말씀드리면 아주 잘 사용하고 있습니다. 160 점수가 상당히 정확해서 60점 이상이면 거의 수익난다고 보시면 되고 스케줄관리도 잘 돼서 따로 관리하지 않아도 되니까 좋습니다 이젠 공모주가 거의 습관처럼 되버려서 수시로 들락날락하는데 공모주 플랫폼으로서 사업모델을 발전시켜나가시면 좋을 것 같습니다. 160의 무궁한 발전을 기원합니다 160 화이팅!!,회사 응답 없음
2025-11-05,일육공,4.0,간편투자가 있고 공모주 정보라던지 매력지수라던지 참 좋은 앱 입니다. 간편투자도 해보려고 했는데 모든 증권사가 되는건 아니더군요. 이 증권사는 간편투자하고 이 증권사는 직접해야 하고 이러면 사용자 입장에서는 아 그냥 내가 다 직접하고 말지 뭘 귀찮게 라는 생각이 듭니다. 그리고 매번 로그인 요구와 일정 시간이 지나고 로그인하면 또 로그인 자체가 안되더군요. 이런저런 사용자 경험과 관련해 개선이 필요해보입니다.,회사 응답 없음
2025-11-03,일육공,4.0,공모주 일정과 투자노트 용도로만 쓰는중,회사 응답 없음
2025-10-01,일육공,5.0,삼성증권 계좌개설이 안되요 증권사연결하기에서 맨마지막단계에서 화면이 넘어가지질않아 개설이 안되고있어요 해결해주세요,회사 응답 없음
2025-09-22,일육공,5.0,손경제,회사 응답 없음
2025-09-19,일육공,1.0,잘 사용하고 있었는데 업데이트 이후에 알림 이 오지 않습니다,회사 응답 없음
2025-09-14,일육공,2.0,예전에 쓰던 수익 노트는 작성하면 월별로 정리 됐었는데 지금은 그냥 리스트형이라 보기가 불편합니다. 그리고 이건 저만 그런지 모르겠는데 연도별 내용이 순차적으로 등록 된것도 아니고 뒤죽박죽 섞여있어요. 투자노트는 예전처럼 개선해주셨으면 좋겠습니다.,회사 응답 없음
2025-08-11,일육공,1.0,설치 후 본인인증부터 되지않아 사용불가 쓸모없는 어플,회사 응답 없음
2025-07-28,일육공,5.0,알림카톡에 공모주 점수도 표시해주세요.,회사 응답 없음
2025-07-24,일육공,1.0,모바일 신분증으로도 계좌 개설 및 기본 계좌 연결이 가능하게 만들어 주세요,회사 응답 없음
2025-07-05,일육공,1.0,증권사 연결과정에서 주소 입력이 안됨 엡의 완전성이 부족하다 생각되어 개설 포기,회사 응답 없음
2025-05-20,일육공,1.0,본인 인증 절차가 안됩니다!!! 정확하게 입력했는데도 사용자 정보가 잘못 됐다고 나옵니다.,회사 응답 없음
2025-05-15,일육공,3.0,외국인 등록증있어도 가입이 안되나봐요 ㅠㅠㅠ,회사 응답 없음
2025-05-12,일육공,1.0,좀간소하게줄여라 이리저리그내용 산만하다,회사 응답 없음
2025-05-08,일육공,5.0,매력지수 덕분에 잘쓰고 있습니다 매력지수 계산할때 구주매출비율도 고려해서 계산하나요? ㅠㅠ 구주매출비율 높은데 매력지수 높은 공모주 들어가면 가끔 손해가 날때가 있네요 ㅜ.ㅜ,회사 응답 없음
2025-05-04,일육공,4.0,공모주 투자 어플로 잘쓰고 있는데 어플안에 마이 메뉴가 로딩이 너무 오래걸립니다 화면이 떠도 누락된 정보가 많아요..개선 부탁드립니다,회사 응답 없음
2025-04-22,일육공,4.0,덕분에 공모주 투자 잘하고 있습니다. 예전 버전에서는 공모주 투자점수나 공모주 청약일정시작일에 알람이 왔었는데 업데이트하고 나서는 알람이 오지 않네요. 설정에 알람도 켜놓고 알람권한도 허용했습니다. 지웠다 다시 설치해도 안오는데 공모주 청약시작 알람을 받을 수 있는 방법이 있을까요? 감사합니다.,회사 응답 없음
2025-03-07,일육공,1.0,계속오류나네요,회사 응답 없음
2025-03-06,일육공,1.0,너무 훌륭한 어플. 뒤로가기 무한로딩으로 조심조심 사용중인데 이젠 일정정보 누르면 자동으로 꺼버리는 기적까지 보여주심. 이래도 계속 써?? 라고 말하시는듯.,회사 응답 없음
2025-03-01,일육공,4.0,잘 사용하고 있는 앱인데요. 몇달 전부터 뒤로 가기하면 무한로딩 걸려서 안되네요. 다시 나갔다가 열어야 하네요. 해결 바랍니다.,회사 응답 없음
2025-02-26,일육공,5.0,너무 깔끔하고 좋은데 뒤로 가기하면 안돼요,회사 응답 없음
2025-02-24,일육공,1.0,"요새 무한로딩으로 자꾸 껐다 켜네요,,ㅠ",회사 응답 없음
2025-02-23,일육공,2.0,무한로딩 버그 좀 빨리 해결해주세요,회사 응답 없음
2025-02-21,일육공,5.0,개편후에 더 깔끔해지고 더 좋아졌는데 거의 대부분의 상황에서 공모주 정보를 확인 후 뒤로가기를 하면 무한로딩이 되어서 다시 로그인을 해야합니다 이거는 빠르게 고쳐주시면 감사하겠습니다 그리고 공모주 투자기록에 수수료 여부를 온/오프 방식으로 간단하게 추가하면 더 좋을것 같습니다 마지막으로 투자기록을 연간으로도 보게 해주세요 정말 유용하게 잘 쓰고 있습니다!,회사 응답 없음
2025-02-18,일육공,3.0,뒤로 가기하면 무한로딩 걸로요,회사 응답 없음
2025-02-16,일육공,1.0,뒤로 가기 하면 맨날 로딩중이고 로그인 할 때마다 비번 눌러야되서 번거롭고 불편함,안녕하세요. 일육공 매니저입니다. 일육공에서는 공시된 기업들의 공시자료를 바탕으로 청약 및 상장 정보를 제공드리고 있습니다. 공시 정보를 바탕으로 일육공만의 공모주 지표인 매력지수와 함께 확정된 공모주 정보들을 늦어도 청약 전날에 제공 드리고 있습니다. 양질의 정보를 제공하고자 늦은 정보 업데이트가 있을 수도 있으나 저희 일육공에서는 언제나 빠르며 정확한 정보 업데이트를 우선 시 하고 있음을 말씀드립니다. 감사합니다.
2025-01-03,일육공,2.0,"업데이트도 제데로 안되고, 이벤트는 끝난지가 언제인데 아직도 D-3일이라합니까? 청약을 알아서 사고 팔고 해주니까 좋은앱인건 알겠는데, 자꾸 접속도 에러나고, 삼성증권은 아직도 승인대기중이라하고. 앱이 영 불안합니다. 손경제 듣고 가입했는데, 자꾸 실망감을 안겨주네요.",회사 응답 없음
2024-12-18,일육공,1.0,들어갈때마다 로그인 다시하라하네요 개선이 필요해보입니다.,회사 응답 없음
2024-12-05,일육공,2.0,어플실행하면 접속이 되지 않고 어플 제거한 후 다시 설치하면 실행 됐다가 또 안되고 지금 몇 번째 삭제하고 설치하는지 모르겠네요,회사 응답 없음
2024-11-25,일육공,2.0,"저도 손경제 듣고 가입했는데, 우선 앱이 너무 불친절하고 직관력이라고 해야하나? 너무 어려워요. 구성은 단순한데 뭘 하나하려면 뭐 부터해야할지 모르겠어요. 설명서도 없는거 같고, 뭘 찾아보려해도 볼만한게 없고, 내가 가입한 상태를 자세히 보려해도 보여지는것도 없고. 삼성증권 이벤트인가 응모하려해도 설명이 대충 되어있어요. 우선 어찌저찌해서 100만원은 넣어놨는데 그 다음을 어떻게 해야할지를 모르겠어요. 공모주 청약의 어려움과 번거로움을 덜어주고자 만든 어플이라면서, 통 모르겠어요. 그냥 증권사 어플로 하는게 더 나을꺼같아요.","안녕하세요 일육공 매니저입니다. 먼저 저희 서비스에 관심을 가져주셔서 감사의 말씀 드립니다. 일육공 공모주 간편투자 서비스는 고객님들의 공모주 청약과 매도를 도와드리고자 KB증권/한국투자증권/삼성증권 계좌를 각각 연결을 시켜야합니다. 첫 과정만 길고 복잡하게 느껴지실 수 있으나, 한 번 가입만 하고나면 우량 공모주 청약과 매도를 자동으로 도와드리고 있습니다. 서비스 사용에 불편하셨던 점이나 궁금하신 점은 일육공 하단 마이 메뉴에 Chat 버튼을 통해 상담이 가능합니다."
2024-11-01,일육공,1.0,마이너스 수익률인데 청약수수료를 비용에 포함시키지 않는 방식으로 플러스 수익률으로 표시하네요. 편하게 공모주 투자 해보려는 것인데 실제 수익률을 알고자 하면 일일이 계산해야 되네요. 예전에 문의 했었는데 개선이 안되고 있네요. 전체수익률도 청약수수료 포함시 마이너스... 수익률 표시도 제대로 못하는 증권 관련 앱이라... 수익률부터 빨리 제대로 표시해 주시길 바랍니다.,"안녕하세요 일육공 매니저입니다. 우선 공모주 간편투자 서비스를 사용해주셔서 감사하다는 말씀 전해드립니다. 청약 수수료가 올바르게 표기 계산되지 않는 문제는 지난 11월 6일 수정이 완료되었으며, 고객님들께 투자탭에서 변경사항 안내도 함께 드리고 있습니다. 저희 일육공 발전에 도움을 주셔서 감사하다는 말씀과 불편을 드려 죄송하다는 말씀 함께 전해드립니다."
2024-10-29,일육공,1.0,상담이 되긴하나요? 설치해도 증권사 개설 에러뜨는데 기다리라고만 하네요,안녕하세요 일육공 매니저입니다. 우선 일육공 간편투자 서비스 사용에 불편을 드려 죄송하다는 말씀드립니다. 일육공을 통해 증권사 계좌 개설이 가능하오나 해당 증권사에서 예기치 못한 오류들이 발생하는 경우가 있습니다. 해당 증권사에 지속적으로 문제 해결에 대한 요청을 드리고 있으며 빠른 시일 내로 정상화 하도록 노력하겠습니다. 감사합니다.
2024-10-24,일육공,1.0,"""공모주 투자 일임 계약 서비스를 이용하면서 공모주 선정 기준을 묻자 내부 기준이라 공개할 수 없답니다. 내가 무슨 대단한 비밀을 요구한 것도 아닌데, 2~3회 테스트 투자 후에도 투자 경향성이 전혀 보이지 않길래 조심스럽게 물어봤더니, 매력지수 몇 점 이상이면 투자한다는 간단한 기준조차 안 알려주네요. 서비스에 100만 원 넘게 넣었는데, 공모주 선정 기준을 전혀 알려주지 않고, 내가 어디에 투자하는지도 선택할 수 없다니 어떻게 믿고 맡기라는 겁니까? 고객에게 최소한의 정보를 주지 않고 서비스만 강요하는 이런 방식은 납득할 수 없습니다. 상담자는 단답형 답변만 반복하고, 절이 싫으면 중이 나가야죠. 이만 탈퇴합니다. 정말 실망스럽네요.""",안녕하세요 일육공 매니저입니다. 회사 내규 상 매력지수 산출 기준과 간편투자종목 선정에 사용되는 매력지수의 기준을 안내드리지 못한 점 죄송하다는 말씀 전해드립니다.
2024-10-16,일육공,5.0,필요한 정보가 많이 있어서 사용하기 편리합니다.,안녕하세요 일육공 매니저입니다. 저희 일육공을 사용해주셔서 감사하다는 말씀 전해드립니다. 앞으로 일육공 사용에 불편한 점이 있시다면 앱에서 채널톡을 통해 상담이 가능합니다. 더욱 발전하는 일육공이 되겠습니다. 감사합니다.
2024-09-23,일육공,1.0,"공모주관련 최고앱인줄 알았는데 문제점은 두달이 넘어가도록 고치지도 않고 뭐하시는걸까요? (금일 상장인데 완료탭 넘어가버림, 입장시 비번, 투자노트 날짜선택 안되서 사용불가 등등)","안녕하세요. 일육공 매니저입니다. 저희 일육공을 애용해주셔서 감사합니다. 1. 일육공에서는 상장이 된 종목은 [상장 완료]라는 표현으로 고객님들께 설명드리고 있습니다. 2. 로그인 시 비밀번호 입력인 패스를 이용하여 로그인하신 고객님들에 한하여 작동되는 기능임을 안내드립니다. 패스 로그인 시, 공모주 간편 투자 서비스를 이용하실 수 있습니다. 3. 투자노트 작성 시 날짜가 선택되지 않는 부분은 일부 기기에서 발생하고 있는 문제로 발견 시 수정 중에 있습니다."
2024-09-19,일육공,5.0,손경제 듣고 가입해서 처음으로 공모주 청약해봅니다. 아직은 순조로운데 좋은 결과가 있으면 좋겠네요.,"안녕하세요 일육공 매니저입니다.
저희 일육공을 이용해주셔서 감사하다는 말씀 먼저 전해드립니다. 일육공에서는 현재 2곳의 증권사에서 주관하는 공모주에 대하여 간편투자서비스를 제공드리고 있습니다. 추후로 더 많은 증권사의 공모주도 투자 가능하도록 노력 중입니다."
2024-09-05,일육공,1.0,장난하시나.... 자동투자 가입할려니까 마지막에 관리자한테 문의해라고?.... 근데 문의하는 기능도 없네ㅇㅅ? 와 ㅋㅋㅋㅋㅋㅋㅋㅋㅋ,안녕하세요. 일육공 매니저입니다. 지난 5일 간편투자가 가입되지 않는 오류가 발생하여 빠르게 수정 완료했습니다. 번거로우시겠지만 다시 한번 시도해주시면 감사하겠습니다. 또한 온라인 문의은 일육공 앱 [마이] 메뉴에서 Chat 버튼을 클릭하여 가능합니다.
2024-07-30,일육공,5.0,공모주 투자하기에 정말 유용합니다 !!,안녕하세요 일육공 매니저입니다. 저희 일육공을 이용해주셔서 감사하다는 말씀 드립니다. 일유공에서는 다양한 공모주 정보와 매력지수를 제공 드리고 있습니다. 또한 최근 공모주 자동투자 서비스를 런칭하였습니다. 공모주 자동투자서비스는 일임 계약을 맺은 증권사가 주관하는 공모주 중 우량 공모주를 자동으로 청약과 매도를 도와드리는 서비스입니다.
2024-07-30,일육공,5.0,증권계좌개설할때 신분증스캔만 포기안하고 넘어가면 상당히 편리한 앱,안녕하세요. 일육공 매니저입니다. 저희 일육공에서는 계좌 개설과 더불에 공모주 자동 청약 및 매도 서비스를 제공드리고 있습니다. 신분증 스캔이 잘 이루어지지 않는 문제는 저희 개발팀도 인지하고 있으며 증권사 유관 부서와 긴밀한 협업을 통해 높은 우선 순위로 해결하고자 노력하고 있습니다. 앞으로 일임계약을 체결할 수 있는 증권사가 추가될 예정이오니 공모주 자동투자 서비스 애용 부탁드립니다. 감사합니다.
2024-07-11,일육공,5.0,다른증권사도 빨리 오픈해주세요~ 너무 편하고 좋아요!,"안녕하세요. 일육공 매니저입니다. 지난 7월 2~3일 양일간 시프트업의 자동 청약과 지난 11일 시프트업 매도가 자동으로 진행되었습니다. 저희 서비스를 믿고 사용해주신 고객님께 감사의 말씀 전해드립니다. 일육공은 다른 증권사와도 제휴를 통해 더 편리한 공모주 자동투자 서비스를 위해 노력하고 있습니다. 증권사가 추가되는 경우, 앱 내외로 빠르게 안내드려 공모주 투자에 도움을 드리도록하겠습니다. 감사합니다."
2024-07-11,일육공,3.0,투자일임계약을 하고 직접투자하면 운용 중단될 수 있다는 안내를 받았는데 일육공은 언제 매수를 시작하는 건가요?? 오전 내내 기다려도 매수안내도 안 오고 일정이나 시스템을 모르겠어서 직접 한 건데 매수매도 공지를 따로 만들어주시거나 어플 내에 질문하는 공간 좀 만들어주세요.,"안녕하세요. 일육공 매니저입니다. 일육공에서 제공드리고 있는 공모주 자동투자서비스는 일육공이 선별한 우량 공모주를 일육공에서 자동으로 청약과 매도를 하는 서비스입니다. 현재는 KB증권, 한국투자증권에서 주관하는 공모주 중 우량 공모주로 선별한 종목에 한에서 청약과 매도를 도와드리고있습니다. 청약에 필요한 증거금 이체와 관련된 안내는 카카오톡 알림 및 일육공 앱 푸시를 통해 청약 전일, 청약 초일과 말일 총 3일 동안 안내드리고 있습니다. 또한 청약하여 배정 받은 공모주 매도도 알림을 통해 안내드리고 있습니다. 서비스 가이드와 앱 내 문의사항을 남길 수 있는 공간은 현재 개발중이며 빠른시일내로 준비하겠습니다. 감사합니다."
2024-07-04,일육공,4.0,잘 사용했었는데 이번주부터 내용이 안떠요ㅜㅜ 혹시나싶어 앱 삭제했다가 다시 깔았는데도 앱에 들어가면 내용이 하나도 안뜨네요ㅜㅜ 왜 그런걸까요?,안녕하세요. 일육공 매니저입니다. 남겨주신 리뷰만으로는 정확한 현상을 파악하기 어려울 것 같습니다. 빠른 해결을 위해 번거로우시겠지만 카카오톡 친구 일육공160 혹은 metalogosgray@gmail.com 로 화면 캡쳐 혹은 화면 녹화 파일 송부해주시면 도움드리도록 하겠습니다. 감사합니다.
2024-07-02,일육공,1.0,"사업 모델은 괜찮은거 같은데, 현재는 그 구현 상태가 너무 구림. 가입 진행 단계별 변수에 대한 고려가 충분히 안되어 있어서 중간에 뭔가 어그러지면(신규 계좌개설 불가 기간이라거나) 뭘 어디부터 이어서 해야되는지 답이 없음. 상담직원 둘 여력은 없을 수 있지, 근데 챗봇은 있으나 마나한 수준의 멍텅구리고, 이메일도 없고, 저기 구석에서 번호 찾아서 전화해야 됨. 빨리 개선해서 성장하길 기대함.",안녕하세요. 일육공 매니저입니다. 저희 일육공에서는 공모주 자동투자 일임서비스를 제공드리고 있습니다. 아직 모든 면에서 완벽한 서비스는 아니오나 고객님들의 피드백과 내부 회의를 통해 조금씩 서비스를 발전시키고 있습니다. 정기적인 업데이트를 통해 앱 서비스이 안정성과 무결성을 보장하는 것이 저희 일육공의 목표인 만큼 고객님께 더 나은 경험을 드리도록 항상 노력하는 일육공이 되도록 하겠습니다. 감사합니다.
2024-07-02,일육공,1.0,기존계좌 연결부터 화면 먹통..무한반복,안녕하세요. 일육공 매니저입니다. 지난 7월 1일 앱 배포 중 오류가 발생해 일임서비스 가입이 불가능한 상황이 발생했습니다. 현재는 해당 오류를 수정하였으니 번거로우시겠지만 어플을 다시 다운로드 받으시거나 업데이트하여 진행하시면 가입이 가능합니다. 일육공 사용에 불편함을 드려 죄송하다는 말씀과 함께 더 나은 서비스를 제공하는 일육공이 되도록 노력하겠습니다. 감사합니다.
2024-07-01,일육공,1.0,자동청약으로 투자일임신청을 하려고 할때 신청단계 중 증권사연결을 누르면 신규계좌만들기이든 기존계좌연결이든 다음 화면에 에러코드가 뜨고 진행이 되지 않습니다. error loading page Domain: undifineded Error code: 2 Description: SSL error: Host name mismatch 이렇게 메시지만 뜨고 더이상 진행되지 않습니다.,"안녕하세요. 일육공 매니저입니다. 해당 오류는 금일 빠르게 수정 했으며, 구글 플레이 스토어에서 일육공을 업데이트를 해주시면 정상적으로 계약이 진행됩니다. 번거로우시겠지만 다시 한번 시도 부탁드리며, 동일하거나 비슷한 오류가 발생할 경우 metalogosgray@gmail.com . 로 연락 부탁드립니다."
2024-06-30,일육공,5.0,잘 사용하고 있습니다. 현재 자동투자 2곳만 되던디 향후 더 늘어 날까요?,"안녕하세요. 일육공 매니저입니다. 우선 저희 공모주 자동투자 일임서비스를 이용해주셔서 감사하다는 말씀 드립니다. 일육공은 현재 한국투자증권, KB증권 두 증권사에서 주관하는 공모주에 대하여 자동투자 일임서비스를 제공하고 있습니다. 앞으로 더 많은 증권사들과의 제휴를 맺을 예정이며 고객님들께 더 낳은 경험을 드리고자 합니다. 감사합니다."
2024-06-27,일육공,1.0,KB증권 투자일임하려눈데 신분증 2시간동안 찍어도 OCR 인식 안 됐다고 계약이 안 됩니다......... 전화도 안 받으시구 ㅎㅎ...,"안녕하세요. 일육공 매니저입니다. KB증권 투자 일임 계약 중 OCR 인식이 잘 이루어지지 않는 오류가 종종 발생하고 있습니다. 해당 오류는 현재 수정 중이며, 빠른 시일 내로 픽스하도록 노력하겠습니다. 감사합니다."
2024-06-05,일육공,5.0,깔끔하고 다양한 정보가 있어서 좋네요 이런 어플과 업체가 왜 이제 나왔지,"안녕하세요. 일육공 매니저입니다. 저희 일육공을 사용해주셔서 감사합니다. 앞으로 양질의 서비스를 제공하는 일육공이 되도록 노력하겠습니다. 또한 저희 일육공에서는 ""공모주 올인원 자동투자서비스""를 제공드리고 있으니 한번 확인해보실 것도 좋을 것 같습니다. 감사합니다."
2024-06-05,일육공,1.0,약관동의는 왜 실행할때마다 해야되나요?ㅡㅡ,안녕하세요. 일육공 매니저입니다. 일육공 회원가입 후 로그아웃을 하지 않으시면 약관동의 과정을 생략됩니다. 해당 오류 접수 및 수정을 위해 metalogosgray@gmail.com 으로 불편을 겪으신 영상 보내주시면 유관 팀으로 연락하여 빠르게 수정하도록 조치하겠습니다. 앞으로 더 편한 사용성을 제공하는 일육공이 되도록 노력하겠습니다. 감사합니다.
2024-05-21,일육공,5.0,너무 좋아요~~,"안녕하세요. 일육공 매니저입니다. 저희 일육공을 애용해주셔서 정말 감사합니다. 저희 일육공에서는 ""공모주 올인원 자동투자서비스""를 제공드리고 있습니다. 일육공을 통해서 번거롭고 힘들었던 공모주 청약을 손쉽게 해보시는 것은 어떨까요? 또한 앞으로 더욱 양질의 서비스를 제공하도록 노력하는 일육공이 될 것을 약속드립니다. 감사합니다."
2024-05-03,일육공,4.0,"공모주 자동투자 가입하려는데, 기존 한투계좌 이용하려면 어떻게 해야되나요? 기존 한투계좌 선택하고 다음을 누르면 넘어가지를 않네요.","안녕하세요. 일육공 매니저입니다. 현재 일임가능한 한국투자증권 계좌는 일반 위탁계좌이며 스톡옵션 계좌, 다른 일임계약을 체결한 계좌 등은 일육공 공모주 자동투자 가입에 제한이 있습니다. 계약을 하시고자하는 계좌 정보를 확인해 보신 후, 동일한 문제가 생기는 경우, 번거로우시겠지만 metalogosgray@gmail.com 으로 문의 부탁드립니다. 감사합니다."
2024-05-02,일육공,5.0,어플 디자인 사용방법이 직관적이다 이용하는데 어렵지않아 주변사람들에게 많이 추천함,"안녕하세요. 일육공 매니저입니다. 저희 일육공을 사용해주시고 주변분들께 추천해주셔서 정말 감사합니다. 일육공은 공모주 정보를 제공드리고 있으며, 지난 4월부터 ""공모주 올인원 자동투자서비스""를 오픈했습니다. 귀찮고 번거로운 공모주 투자를 손쉽게 도와드리는 서비스입니다. 한 번 이용해보시는 것도 추천드립니다. 더욱 양질의 서비스를 제공하는 일육공이 되도록 노력하겠습니다. 감사합니다."
2024-04-15,일육공,1.0,서비스 이용제한이있는 버전이라고 앱이 실행되지않습니다;;,"안녕하세요. 일육공 매니저 입니다. 저희 일육공을 애용해주시고 빠른 피드백을 주셔서 감사하다는 말씀 먼저 전해드립니다. 현재 발생한 에러는 개발팀에게 전달드려 금일(16일) 오전에 빠르게 수정 완료했으며, 현재는 정상적으로 일육공 이용이 가능하십니다. 해당 오류는 신규 서비스 런칭을 준비하는 과정에서 발생한 오류로 판단됩니다. 저희 일육공은 공모주 자동 투자 서비스를 업데이트 할 예정이며 많은 관심 부탁드립니다. 감사합니다."
2024-04-15,일육공,5.0,딱!! 공모주투자자분에게 필요앱으로 쵝오^^,"안녕하세요. 일육공 매니저입니다. 저희 일육공을 애용해주셔서 감사하다는 말씀 전해드립니다. 저희 일육공은 현재 공모주 자동 투자 서비스를 런칭 준비하고 있으며, 이번 달 내로 업데이트를 통해 새로운 서비스를 제공드릴 예정입니다. 앞으로도 저희 일육공 많은 이용 부탁드리며, 사용함에 있어서 불편하셨던 점을 남겨주시면 빠른 대응으로 더 나은 서비스를 제공드리도록 노력하겠습니다. 감사합니다."
2024-04-15,일육공,4.0,S23 울트라 쓰는데 시스템 에러라고 뜹니다 서비스 이용제한이 있는 버전이라고 하네요,"안녕하세요. 일육공 매니저 입니다. 저희 일육공을 애용해주시고 빠른 피드백을 주셔서 감사하다는 말씀 먼저 전해드립니다. 현재 발생한 에러는 개발팀에게 전달드려 금일(16일) 오전에 빠르게 수정 완료했으며, 현재는 정상적으로 일육공 이용이 가능하십니다. 해당 오류는 신규 서비스 런칭을 준비하는 과정에서 발생한 오류로 판단됩니다. 저희 일육공은 공모주 자동 투자 서비스를 업데이트 할 예정이며 많은 관심 부탁드립니다. 감사합니다."
2024-04-15,일육공,5.0,관리자에게 문의하라고 서비스이용제한 됐다고 뜹니다ㅠㅠ,"안녕하세요. 일육공 매니저 입니다. 저희 일육공을 애용해주시고 빠른 피드백을 주셔서 감사하다는 말씀 먼저 전해드립니다. 현재 발생한 에러는 개발팀에게 전달드려 금일(16일) 오전에 빠르게 수정 완료했으며, 현재는 정상적으로 일육공 이용이 가능하십니다. 해당 오류는 신규 서비스 런칭을 준비하는 과정에서 발생한 오류로 판단됩니다. 저희 일육공은 공모주 자동 투자 서비스를 업데이트 할 예정이며 많은 관심 부탁드립니다. 감사합니다."
2024-04-15,일육공,1.0,서비스이용 제한있는 버전이라고 삭제후 재설치하라는 메세지가 자꾸 뜨네요. 관리자에게 문의하라네요?,"안녕하세요. 일육공 매니저 입니다. 저희 일육공을 애용해주시고 빠른 피드백을 주셔서 감사하다는 말씀 먼저 전해드립니다. 현재 발생한 에러는 개발팀에게 전달드려 금일(16일) 오전에 빠르게 수정 완료했으며, 현재는 정상적으로 일육공 이용이 가능하십니다. 해당 오류는 신규 서비스 런칭을 준비하는 과정에서 발생한 오류로 판단됩니다. 저희 일육공은 공모주 자동 투자 서비스를 업데이트 할 예정이며 많은 관심 부탁드립니다. 감사합니다."
2024-02-26,일육공,1.0,앱화면 스크롤시 화면이 덜컹거리며 버벅 거리는 느낌...,안녕하세요. 일육공 매니저입니다. 개발팀에서 안드로이드 특정 기기에서 어플이 버벅이는 문제 해결 중에 있습니다. 빠른 시일 내로 해당 내역 수정하여 일육공 이용에 불편을 드리지 않도록 노력하겠습니다. 감사합니다.
2024-02-26,일육공,1.0,왜 이리 어플이 느려진거야?,안녕하세요. 일육공 매니저입니다. 개발팀에서 안드로이드 특정 기기에서 어플이 버벅이는 문제 해결 중에 있습니다. 빠른 시일 내로 해당 내역 수정하여 일육공 이용에 불편을 드리지 않도록 노력하겠습니다. 감사합니다.
2024-02-21,일육공,1.0,비밀번호 대체 왜 만들었는지 이해불가. 업데이트 전이 100배 10000배 나았음. 매번 들어갈때마다 비번 치려니 개짜증남. 번호 자판도 직관적이지 않아서 내가 누르는건지 마는건지 ... ㄹㅇ 반성해라,"안녕하세요. 일육공 매니저입니다. 일육공 사용에 불편을 드려 죄송하다는 말씀 전해드립니다.
우선 PASS인증 기능은 이전 정보 서비스와 다르게 금융 경험의 안정성이 요구되는 신규 서비스 런칭을 위해 도입되었습니다. 신규 서비스 런칭 시 피드백 주신 번호 자판에 대한 사용성을 개선하여 런칭하도록 노력하겠습니다.

자사의 발전에 도움이 되는 피드백 정말 감사드립니다, 앞으로 더 노력하는 일육공 되도록 하겠습니다 :)"
2024-02-15,일육공,1.0,어제까지만해도 잘됐는데 오늘 들어가니 로그인도 풀려있고 아무리 로그인시도해도 빙빙돌고 겨우 로그인했더니 투자노트 다 날라갔습니다. 거기다 월별 수익금도 엉망입니다. 11월께 12월에 들어가있고 다 뒤죽박죽이예요,안녕하세요.일육공 매니저입니다. 일육공 이용에 불편을 드려 죄송합니다. 로그인 문제 및 투자노트 오류 해결을 위해 metalogosgray@gmail 로 성함 / 로그인방법(카카오 로그인인 경우 해당 카카오톡 이메일) / 연락처를 보내주시면 조속히 해결 도와드리겠습니다. 감사합니다.
2024-02-11,일육공,5.0,"색감이나 아이콘 등 앱의 구성이 잘되있고 고급스러운 느낌입니다. 매력지수도 그 회사를 직관적으로 판단할 수 있게 해주어 많은 도움이 됩니다. 하지만, 투자노트 입력내용이 너무 간단합니다. 실 수익 계산을 할 수 없어요. 매도수량과 매도단가 만 입력하게끔 되어있어 수익이 과대계상되어보입니다. 항목에 대출이자, 공모 수수료 등 추가 비용이 반영될 것을 건의드립니다. 비례로 청약하는 경우는 대출이자 등의 사유로 수익률이 5만원, 10만원 이상도 차이가 나기에, 반영이 안되면 사용은 어려울 것 같아요.","안녕하세요. 일육공 매니저입니다. 우선 저희 일육공을 사용해주셔서 진심으로 감사드립니다.
현재 투자노트 작성은 간단한 투자 내역만 작성할 수 있도록 설계되어있습니다. 공모주 청약 수수료, 대출 이자 등의 추가적은 요소 반영은 내부 회의 후 일육공에 반영되도록 노력하도록 하겠습니다. 감사합니다."
2024-01-28,일육공,2.0,왜 업데이트 이후에 당일 공모일정은.안뜨나요? 1월29일 포스뱅크 상장일인데 ipo일정이 없다고 뜨네요 확인 요망입니다.,안녕하세요.일육공 매니저입니다. 금일 상장인 포스뱅크 상장일은 일정탭에서 확인되고 있습니다. 캘린더 우상단의 필터 설정에 [일반]이 체크되어 있는지 확인 부탁드립니다.
2024-01-26,일육공,1.0,아니 왜 자꾸 패스 인증 후에 간편비밀번호 설정에서 입력해도 화면이 넘어가질않는거죠? 문제 해결 좀 부탁드립니다,안녕하세요.일육공 매니저입니다. 일임서비스 추가로 PASS 인증 로그인 방식이 추가되었습니다. 새로운 로그인 방식 추가로 로그인에 종종 오류가 발생하고 있는 점 확인했습니다. metalogosgray@gmail.com으로 연락주시면 해당 문제 조속히 해결 도와드리도록 하겠습니다. 일육공 사용에 불편을 드려 죄송하단 말씀 전해드립니다.
2024-01-26,일육공,1.0,가입이 안돼요,안녕하세요.일육공 매니저입니다. 일임서비스 추가로 PASS 인증 로그인 방식이 추가되었습니다. 새로운 로그인 방식 추가로 로그인에 종종 오류가 발생하고 있는 점 확인했습니다. metalogosgray@gmail.com으로 연락주시면 해당 문제 조속히 해결 도와드리도록 하겠습니다. 일육공 사용에 불편을 드려 죄송하단 말씀 전해드립니다.
2024-01-26,일육공,1.0,패스로 가입 설치 하면 가입이 안되고 계속 모래시계만 돌아가요,안녕하세요.일육공 매니저입니다. 답변 늦어진 점 사죄드립니다. 일임서비스 추가로 PASS 인증 로그인 방식이 추가되었습니다. 새로운 로그인 방식 추가로 로그인에 종종 오류가 발생하고 있는 점 확인했습니다. metalogosgray@gmail.com으로 연락주시면 해당 문제 조속히 해결 도와드리도록 하겠습니다. 일육공 사용에 불편을 드려 죄송하단 말씀 전해드립니다.
2024-01-25,일육공,2.0,1. 업데이트 이후 투자노트 날라감. 2. 느려터짐. 3. 앱실행시 왜 비번을 입력해야하는지? 4. 숫자키패드에 잘못된 숫자 지우는 버튼이 없어서 매우 불편 5. 만들기만하고 지들은 사용안하나?,"안녕하세요.일육공 매니저입니다.
1. PASS 인증을 하는 과정에서 두 로그인 정보를 제대로 인식하지 못해서 발생한 문제입니다. etalogosgray@gmail.com으로 연락주시면 해당 문제 조속히 해결 도와드리도록 하겠습니다.
2. 해당 문제 또한 인지 중이며, 개발팀에서 1순위로 두고 수정 중입니다.
3. 앱 실행 시, 비밀번호 입력은 PASS 인증을 하셨을 경우 앱 실행 시 필요한 프로세스입니다. 일임 서비스 업데이트로 인해 PASS 인증이 필수적인 항목이 되었습니다.
4. 키패드의 X 버튼을 누르면 숫자 삭제가 가능합니다.
5. 보내주신 피드백 바탕으로 사용성 개선에 노력하겠습니다.
감사합니다."
2024-01-23,일육공,1.0,어플관리안하나요? 수익률 기록한거 복구됐으나 10월 이후 기록은 다 날라갔습니다. 수익률표시도 무슨 74.59999999999% 이렇게 나오고 또한 버벅거리는건 언제 고치나요? 이게 젤문제입니다 관리자없어요??,"안녕하세요.일육공 매니저입니다. 답변 늦어진 점 사죄드립니다. 우선 어플이 버벅거리는 문제는 개발팀이 계속해서 수정 중에 있습니다. 조속히 해결하도록 하겠습니다. 수익률 표기법은 현재 수정이 완료되었습니다. 복구된 투자기록 이외의 투자기록은 업데이트 과정에서 누락된 것으로 판단됩니다. 번거로우시겠지만, 사용자님께서 다시 입력을 해주셔야 하는 것으로 보입니다.
어플 사용에 불편함을 드려 대단히 죄송합니다. 빠른 수정으로 사용성 개선에 노력하겠습니다. 감사합니다."
2024-01-21,일육공,3.0,"분석 내용부터 Ui까지 너무 좋은데, 개인 투자노트 입력에 문제가 있습니다. 이미 배정이 끝난 공모주인데도 '예상 배정 금액 입력' 이라고 나옵니다. 낼모레 상장인데 언제쯤 반영되련지...",안녕하세요.일육공 매니저입니다. 답변 늦어진 점 사죄드립니다. 아직 상장이 되지 않은 종목의 투자노트는 상장일 시가가 잡히는 시점인 상장일부터 작성이 가능합니다. 감사합니다.
2024-01-18,일육공,5.0,지금까지 공모주하면서 기록했던 것들이 전부 없어졌어요 로그인도 풀려있었구요 원상복구안되나요????? 복구해주셔서 감사합니다,"안녕하세요.일육공 매니저입니다. 답변 늦어진 점 사죄드립니다. 현재 기존 작성하셨던 투자노트는 복구처리 완료했습니다. 어플에서 기존에 작성하셨던 투자노트 내용이 여전히 보이지 않으시다면, metalogosgray@gmail.com 으로 연락주시면 추가적인 도움 드리도록하겠습니다. 감사합니다."
2024-01-15,일육공,1.0,저번 업데이트 후 어플이 느려터져서 못쓰겠습니다 이번 업뎃후에도 딱히 상태가 개선이 안됐습니다 일주일만 더 기다려보고 삭제 할까 합니다,"안녕하세요.일육공 매니저입니다. 답변 늦어진 점 사죄드립니다. 사용 중 버벅거리는 현상은 개발팀에게 요청드렸습니다. 빠른 시일 내에 업데이트하여 해당 이슈 수정하도록 하겠습니다.

감사합니다."
2024-01-09,일육공,3.0,너무잘쓰고있었는데 업데이트이후로 여태껏 저장해뒀던 투자노트가 다초기화되어있네요 ? 그동안 저장해뒀던건 다시 볼수없나요 ?,"안녕하세요.일육공 매니저입니다. 답변 늦어진 점 사죄드립니다. 현재 기존 작성하셨던 투자노트는 복구처리 완료했습니다. 어플에서 기존에 작성하셨던 투자노트 내용이 여전히 보이지 않으시다면, metalogosgray@gmail.com 으로 연락주시면 추가적인 도움 드리도록하겠습니다. 감사합니다."
2024-01-06,일육공,5.0,이번 업데이트하고 로그인을 다시 했는데 투자 기록이 날아가서 혹시 복구될까요?,"안녕하세요.일육공 매니저입니다. 답변 늦어진 점 사죄드립니다. 현재 기존 작성하셨던 투자노트는 복구처리 완료했습니다. 어플에서 기존에 작성하셨던 투자노트 내용이 여전히 보이지 않으시다면, metalogosgray@gmail.com 으로 연락주시면 추가적인 도움 드리도록하겠습니다. 감사합니다."
2023-12-22,일육공,5.0,"나의 투자노트 항목에서 전체 총합 누적 수익금은 볼수있는데 연도별 전체수익금도 볼수 있으면 좋겠습니다(예: 21년 1~12월, 22년 1~12월, 23년 1~12월 각각의 전체수익금). 현재 기준으로는 연도내 월별 수익금만 조회가능합니다(예: 23년 11월, 23년 12월..)",안녕하세요. 일육공 매니저입니다. 우선 저희 일육공을 애용해주셔서 감사드립니다. 남겨주신 피드백은 개발팀에게 전달했습니다. 앞으로도 일육공 많은 사용 부탁드립니다. 감사합니다.
2023-12-13,일육공,5.0,아주 잘 사용하고 있습니다.,안녕하세요. 일육공 매니저입니다. 먼저 저희 일육공을 애용해주셔서 정말 감사드립니다. 앞으로도 다양하고 정확한 정보 전달드리겠습니다.
2023-12-05,일육공,3.0,아이폰에 설치해서 잘 사용했는데(너무 잘 사용했어요) 아이폰에 설치해서 너무잘 사용했는데 한 한달전부터인가 앱을 클릭하면 들어가지지를 않아요.다시 삭제했다가 설치해도 똑같은데 왜그럴까요? 정말 잘 사용하고 있었는데 너무 답답합니다. 왜그럴까요? 답변부탁드립니다.,"안녕하세요. 일육공 매니저입니다. 저희 일육공을 사용에 불편을 드려 대단히 죄송합니다. 현재 ios 앱스토어 정책 상, ios 17버전으로 업그레이드를 하셔야 사용이 가능합니다. 번거로우시겠지만 [설정] &gt; [일반] &gt; [소프트웨어 업데이트] 에서 17버전으로 업데이트 부탁 드리겠습니다. 감사합니다."
2023-11-20,일육공,4.0,나의 투자노트에서 공모주 수익을 기록중입니다. 최근상장한 에코프로머티리얼즈는 배정주식 계산해보기 메뉴에서 청약후 수익을 기록하는 메뉴가 나오질 않습니다. 확인 부탁드립니다.,안녕하세요. 일육공 매니저입니다. 저희 일육공을 이용해주셔서 감사합니다. 11월 21일부로 에코프로머티리얼즈 투자노트 작성이 가능하도록 수정하였습니다. 앞으로 더욱 발전하는 일육공이 되도록 노력하겠습니다. 감사합니다.
2023-11-20,일육공,3.0,에코프로머티리얼즈 상장된지 며칠이 지나도록 배정주식 확인하기에서 투자기록하기로 넘어가지 않고 멈춰 있네요,안녕하세요. 일육공 매니저입니다. 저희 일육공을 이용해주셔서 감사합니다. 11월 21일부로 에코프로머티리얼즈 투자노트 작성이 가능하도록 수정하였습니다. 앞으로 더욱 발전하는 일육공이 되도록 노력하겠습니다. 감사합니다.
2023-10-14,일육공,3.0,어플상에 고객지원센터 생겼으면 합니다. 1. 공모주 옆에 주관사도 표시 2. 환불일도 일정표에 포함 되었으면 합니다.,안녕하세요. 일육공 매니저입니다. 우선 저희 일육공을 이용해주셔서 감사합니다. 말씀해주신 주관사와 환불일은 공모주 종목 정보에 들어가면 확인 할 수 있습니다. 일정 메뉴에서도 확인 할 수 있도록 개발팀에 전달하도록 하겠습니다. 또한 고객지원센터의 경우도 유관 부서와 협의 후 반영하도록 노력하겠습니다. 앞으로도 저희 일육공 많은 이용 부탁드립니다. 감사합니다.
2023-09-14,일육공,3.0,인스웨이브시스템즈 기관수요예측이 672대1인데 1872대1로 잘못 나오네요. 기존에도 계속 정보 오류가 있었습니다.,"안녕하세요. 일육공 매너저입니다. 저희 일육공을 애용해주셔서 감사합니다.

제도 변경으로 기관수요예측 부분에서 일육공에서 제공하고 있는 경쟁률의 산출 방식이 변경되었습니다. 금융투자협회 『증권 인수업무 등에 관한 규정』 제5조의3의 규정에 따르면 기업공개를 위한 수요예측 등에 참여하는 기관투자자는 주관회사에 제출한 참여금액이 주금납입능력을 초과하지 못하도록 하고 있습니다. 이에 따라 일육공에서 제공하고 있는 경쟁률 산출 방식이 '(기관 참여 물량)/(기관 배정 물량)'에서 '(참여기관 수)'에 근거한 데이터로 변경되었습니다.

추후 업데이트를 통해 다양한 정보를 모두 제공할 수 있도록 노력하겠습니다. 감사합니다."
2023-08-24,일육공,5.0,편리하고 정확한 증권소식,안녕하세요. 일육공 매니저입니다. 저희 일육공을 애용해주셔서 정말 감사합니다. 계속해서 정확한 정보를 한눈에 파악할 수 있는 서비스를 제공하도록 노력하겠습니다. 이번 버전에서는 유저분들의 의견을 듣고 편의성 개편을 진행했습니다. 앞으로도 편의성 개편과 새로운 컨텐츠를 업데이트 할 예정이니 일육공 많은 이용 부탁드립니다. 감사합니다.
2023-08-20,일육공,5.0,핸드폰침입금지,안녕하세요. 일육공 매니저입니다. 우선 저희 일육공을 사용해주셔서 감사드립니다. 저희 일육공은 유저분들의 목소리를 항상 열린 귀로 듣고 있습니다. 사용하시면서 불편하셨던 점이나 추가적으로 있으면 좋겠다고 생각하시는 기능 등의 피드백을 말씀해주시면 빠른 시일내로 반영하도록 하겠습니다.
2023-08-16,일육공,5.0,인터페이스가 눈에 편하고 다른 공모주 어플에비해 가독성이 좋습니다 추가로 상장일 최고가금액에 대한 정보도 넣어주시면 좋을거 같습니다 공모주청약은 종가보다는 시초가와 최고가가 제일 궁금하거든요ㅎ 그리고 유통가능금액도 중요한 정보인데 다른 어플에서도 제공하지 않네요 의무보유확약 경쟁률 보다는 의무보유확약 비율로 표기되는게 직관적으로 보입니다,안녕하세요. 일육공 매니저입니다. 우선 저희 일육공을 사용해주셔서 정말 감사합니다. 의무보유확약 비율은 해당 공모주의 [공모주 정보]에서 확인이 가능하십니다. 또한 상장 당일 공모주 투자자를 제외한 유통가능 금액은 해당 공모주의 최하단에 위치한 대화 형식의 컨텐츠에서 확인 가능하십니다. 상장일 최고가 및 전체 유통가능 금액은 개발팀으로 피드백 전달하고 반영 가능하도록 노력하겠습니다. 일육공을 애용해주셔서 다시 한번 감사드립니다.
2023-07-26,일육공,5.0,정말 좋은 어플인데 업데이트 할 때마다 정상적인 루트로 업데이트가 안 되네요 어플 내에서 업데이트를 하라고 하는 버튼을 누르면 플레이 스토어로 연결이 안 되고 새로운 창이 뜨면서 업데이트를 하라고 하는데 여기서 업데이트를 눌러도 업데이트가 되지 않습니다 또한 이번 업데이트 같은 경우 플레이 스토어에서 업데이트를 누른 후 실행하니까 정상 작동이 하지 않아서 삭제 후 다시 다운로드를 하니 정상 작동하였습니다 이 부분만 해결된다면 정말 완벽한 어플이 될 것 같습니다,안녕하세요. 일육공 매니저입니다. 우선 사용에 불편을 드려 죄송합니다. 상세하게 오류를 설명해주셔서 빠른 시일내로 해당 오류 개선이 가능할 것 같습니다. 보내주신 피드백을 바탕을 더욱 양질의 서비스를 제공하는 일육공이 되도록 노력하겠습니다.
2023-07-26,일육공,1.0,업데이트하고 나서 계속 오류...,안녕하세요. 일육공 매니저입니다. 업데이트 이후 생기는 오류에 대해서 현재 수정 중입니다. 빠른 시일내로 수정 완료하도록 노력하겠습니다. 사용에 불편을 드려 죄송합니다. 우선 삭제 후 재설치를 권장 드리며 그럼에도 동일한 문제가 발생할 경우 metalogosgrey@gmail.com으로 연락 부탁드립니다.
2023-07-26,일육공,1.0,갑자기 업뎃하라며 이 폰에서 설치가 안됨. 갤s20,"안녕하세요. 일육공 매니저입니다. 해당 오류 현재 수정 중이며, 빠른 시일내로 정정하도록 하겠습니다. 사용에 불편을 드려서 죄송합니다. 우선 어플 삭제 후 재설치를 권장 드리며 그럼에도 동일한 문제가 발생할 경우 metalogosgrey@gmail.com으로 연락 부탁드립니다."
2023-07-22,일육공,5.0,좋은 어플 만들어 주셔서 너무 감사합니다 ^^,안녕하세요. 일육공 매니저입니다. 저희 일육공을 애용해주셔서 정말 감사합니다! 앞으로도 양질의 서비스를 제공하도록 노력하겠습니다. 소중한 리뷰 감사합니다.
2023-07-20,일육공,5.0,"주식공모주청약 최고어플 너무좋은어플이라 건의하자면, 증권투자기관이 많잖아용. 그래서 가끔 투자 못하는 공모주도 있는데 투자은행 선택해서 확인할수잇는 기능잇으면 좋겠어요. 그리고 캡쳐같은걸로 공모주 이득 실인증해서 공모주 이득 랭킹같은것도 잇으면 재밌고 좋을거같애요~ 다른 사용자들처럼 저도 매력지수 잇어서 너무 좋고 편합니다 개발자님 감사합니다.",안녕하세요. 일육공 매니저입니다. 우선 저희 일육공을 애용해주셔서 정말 감사합니다. 소중한 의견 감사드리며 다음 번 업데이트에 반영해보도록 노력해보겠습니다. 앞으로도 더 나은 서비스 제공을 약속 드리니 일육공 계속 애용해주시길 바랍니다.
2023-07-15,일육공,5.0,첨에 약간 정보가 틀린게 있어서 약간 아쉬웠는데 빠른 피드백과 수정 감사합니다. 메인으로 아주 잘 사용하고 있습니다. 어플에서 공모주 IR북만 다운 받을수 있음 더 좋을거 같습니다. 추천합니다,"안녕하세요. 일육공 매니저입니다. 소중한 피드백 감사드립니다.
1) 알멕의 경우 2023년 6월 30일 상장인 것을 확인했습니다.
2) 시큐센의 경우에는 사용자님께서 말씀해주신대로 최소청약 주수 50주, 최소 청약증거금 75,000원으로 수정 완료했습니다.
앞으로는 정확한 정보를 제공해 드릴것을 약속드리며, 다시 한번 소중한 피드백 감사드립니다."
2023-07-02,일육공,4.0,업데이트가 진행되지 않음.,"안녕하세요. 일육공 매니저입니다. 업데이트가 진행되지 않을 경우 아래와 같이 해결이 가능합니다.

1. 구글 플레이스토어 데이터 및 캐시 삭제
-설정 클릭 &gt; 애플리케이션 클릭 &gt; Google Play 스토어 클릭 &gt; 저장공간 클릭 &gt; 데이터 삭제와 캐시삭제 클릭

2. 구글 클래이스토어 앱 사용 중지 후 재실행
-설정 클릭 &gt; 애플리케이션 클릭 &gt; Google Play 스토어 클릭 &gt; 사용 중지 클릭 &gt; 앱 사용 중지 클릭 &gt; 켜기 버튼 활성화되면 켜기 버튼 클릭

3. 구글 플레이 서비스 캐시 삭제
-설정 클릭 &gt; 애플리케이션 클릭 &gt; Google Play 서비스 클릭 &gt; 저장공간 클릭 &gt; 캐시 삭제 클릭
"
2023-06-10,일육공,5.0,일육공덕분에 투자실적이 좋습니다. 덕분에 공모주 투자로 많은 수익을 올리고 있습니다. 다른 분 들도 저처럼 앱을 깔고 좋은 투자결과 얻으시길 바랍니다.,안녕하세요. 일육공 매니저입니다. 저희 일육공을 통해 좋은 투자 성과를 거두시고 있으셔서 정말 축하드립니다! 청약하기에 앞서 미리 [배정주식 수 계산기] 기능을 통해 더 섬세한 투자도 가능하므로 사용해보시는 것을 추천드립니다. 앞으로도 일육공을 통해 성공적인 투자하시길 기원합니다. 소중한 리뷰 감사드립니다!
2023-06-10,일육공,5.0,공모주 처음하는데 앱이 좋아서 그냥 봐도 재미있네요. 대만족 중이에요,안녕하세요. 일육공 매니저입니다. 저희 일육공에서는 실시간 청약 경쟁률과 더불어 매력지수도 함께 제공해드리고 있습니다. 또한 앞으로도 양질의 서비스를 제공할 예정이니 많은 사용 부탁드립니다. 감사합니다.
2023-06-09,일육공,5.0,공모주라는 것을 알게되어 사용하게 되었습니다. 처음 투자함에도 매력지수라는 앱자체의 점수를 통해 그 공모주가 얼마나 좋은지 알 수 있어서 종목을 선택하는데 도움이 많이되고 매력지수가 높은 종목을 따라서 투자를 하면서 수익을 많이 보게 되었습니다. 또한 푸시를 통해 놓치고 있는 공모주 정보도 알 수 있어서 아주 좋은 공모주 앱입니다.,안녕하세요. 일육공 매니저입니다. 저희 일육공을 사용해주셔서 정말 감사합니다. [투자노트] 기능을 통해서 투자한 내역들을 한번에 정리해서 볼 수 있으니 [투자노트] 기능도 한번 사용해보시는걸 추천드립니다. 앞을 더욱 다양하고 정확한 서비스를 제공할 예정이니 애용 부탁드립니다! 소중한 리뷰 감사합니다.
2023-02-10,일육공,5.0,공모주 알아보고 있었는데 써보니까 너무 좋아요 !~~~,"안녕하세요. 일육공 매니저입니다. 저희 일육공은 공모주에 대한 정보를 한 눈에 볼 수 있게 도와드리고 있습니다. 배정수량 계산하기, 투자노트 작성하기 등 다양한 기능도 제공하고 있으니 한번 사용해 보세요! 앞으로도 더욱 발전하는 일육공이 되겠습니다. 감사합니다!"
2022-09-29,일육공,1.0,라이언 자산운용 일육공 서비스 변경안내 이메일이 1분에 몇개씩 개속 오네요 ㅡㅡ 자동 발송되게 한 것 같은데 스팸처럼 이게 뭔가요 불안해서 쓸 수 있을지 모르겠네요,안녕하세요. 일육공 매니저입니다. 이메일 발송 과정에서 오류가 발생하여 불편을 드리게되었습니다. 불편을 드려 죄송합니다. 앞으로 더욱 양질의 서비스를 제공하는 일육공이 되겠습니다. 다른 불편하셨던 부분이나 개선해야 할 사항들도 말씀해주시면 빠른 시일 내에 반영하도록 하겠습니다. 감사합니다.
2022-08-30,일육공,5.0,실시간 경쟁률도 확인할수 있어서 매우 편리합니다 전체 일정관리도 좋고 공모주 현안 체크에 매우 도움이 됩니다,"안녕하세요. 일육공 매니저입니다. 저희 일육공 앱에서는 상장일정을 비롯하여 실시간경쟁률, 청약증거금 등 공모주에 대한 종합적인 정보를 한 번에 확인하실 수 있기 때문에, 투자하실 때에 여기저기 정보를 찾으러 다닐 필요가 없습니다! 더욱 쉽고 직관적인 서비스가 될 수 있도록 더욱 개선하도록 하겠습니다~ 감사합니다. :)"
2022-08-26,일육공,5.0,심플하고 편리한 기능으로 계속 사용하고 있습니다. 감사합니다.,안녕하세요. 일육공 매니저입니다. 일육공은 단순하면서도 직관적이고 쉬운 서비스가 되고자 합니다! 꾸준히 디자인을 개선하고 사용하시기 편하도록 기능을 구성하도록 하겠습니다. ^^ 불편한 점이나 개선했으면 좋은 점을 알려주시면 더 좋은 서비스를 만들어가는 데에 많은 도움이 됩니다! 앞으로도 일육공 많은 이용 부탁드립니다~
2022-08-26,일육공,5.0,달력으로 표시도 되고 디자인도 깔끔해서 사용하기 좋으네요,안녕하세요. 일육공 매니저입니다. 일육공은 단순하면서도 직관적이고 쉬운 서비스가 되고자 합니다! 꾸준히 디자인을 개선하고 사용하시기 편하도록 기능을 구성하도록 하겠습니다. ^^ 불편한 점이나 개선했으면 좋은 점을 알려주시면 더 좋은 서비스를 만들어가는 데에 많은 도움이 됩니다! 앞으로도 일육공 많은 이용 부탁드립니다~
2022-08-24,일육공,5.0,이번 기회에 공모주투자도 해봐야겠어요. 달력으로 일정확인이 잘되어있네요,안녕하세요. 일육공 매니저입니다. 공모주투자는 알고 보면 쉬우면서도 훌륭한 수익을 올릴 수 있는 투자입니다! 저희 일육공을 활용하셔서 공모주투자를 해보시길 적극 추천드립니다!! 달력에 해당 월의 여러 종목들에 대한 공모일정을 보여드리고 있고 홈화면에서는 당일의 일정을 알려드리고 있으니 참고하시면 좋을 것 같습니다. 더욱 좋은 서비스가 되도록 노력하겠습니다. 투자 건승하시길 기원합니다~
2022-08-24,일육공,5.0,심플이즈베스트!! 깔끔해서 가독성 좋고 편리해요~,안녕하세요. 일육공 매니저입니다. 일육공은 단순하면서도 직관적이고 쉬운 서비스가 되고자 합니다! 꾸준히 디자인을 개선하고 사용하시기 편하도록 기능을 구성하도록 하겠습니다. ^^ 불편한 점이나 개선했으면 좋은 점을 알려주시면 더 좋은 서비스를 만들어가는 데에 많은 도움이 됩니다! 앞으로도 일육공 많은 이용 부탁드립니다~
2022-08-24,일육공,5.0,IPO 관련 정보가 한 눈에 들어오도록 구성이 잘 되어 있네요. IPO 흥행 관련 추천도 해주어서 투자할 때 참고가 많이 되는 듯.,"안녕하세요. 일육공 매니저입니다. 저희 일육공 앱에서는 상장일정을 비롯하여 청약증거금 등 공모주에 대한 종합적인 정보를 한 번에 확인하실 수가 있습니다. 무료 투자자문계약을 하시면 해당 종목의 투자에 도움이 될 수 있도록 투자매력도를 점수화하여 추천 여부를 알려드리고, 정성적인 분석도 제공해드리고 있으니 앞으로도 많은 이용 부탁드립니다~! ^^"
2022-08-23,일육공,5.0,상장 일정을 모두 볼수 있어 편리합니다~ 점수로 종목판단을 할수 있는것도 좋습니다,"안녕하세요. 일육공 매니저입니다. 저희 일육공 서비스는 일반종목의 상장일정을 비롯하여 스팩, 리츠의 상장일정까지 한 번에 확인하실 수가 있습니다. 무료 투자자문계약을 하시면 해당 종목의 투자에 도움이 될 수 있도록 투자매력도를 점수화하여 추천 여부를 알려드리고, 정성적인 분석도 제공해드리고 있으니 앞으로도 많은 이용 부탁드립니다~! ^^"
2022-08-22,일육공,5.0,자문점수가 잘 나와서 점수만 보고 따라가면 되서 쉽습니다,안녕하세요. 일육공 매니저입니다. 저희 일육공 서비스는 투자자분들의 고민을 덜어드릴 수 있도록 무료 투자자문계약을 체결하신 분들에게 매력지수를 제공하고 있습니다. 투자자분들의 수익에 도움이 될 수 있도록 더욱 서비스 고도화에 힘쓰도록 하겠습니다!
2022-07-15,일육공,3.0,공모주 관련 기능이 괜찮아 보여 설치하고 카카오톡 시작하기 누르고 동의하고 시작하기 눌렀는데 더이상 진행이 안되네여. ㅠ.ㅠ 확인해 보고 개선이 필요한 듯하네여. 앱 평가글을 몇 시간 전에도 올렸는데 지웠네여. 그럴거면 왜 평가글을 남기라고 하는건지...,"안녕하세요. 일육공 매니저입니다.
구글플레이의 댓글은 저희가 지울 수 없도록 되어있습니다. (댓글이 지워진 이유는 저희도 알 수가 없네요..ㅠㅠ)
카카오톡 가입이 잘 되지 않는 버그는 수정하여 업데이트 하였으니 기회가 되시면 재 설치 내지 업데이트 하여 사용해주시면 정상적으로 이용 가능하십니다!"
2025-06-04,공모주알리미,1.0,2025.6.24~25일 청약인 기업을 4~5일 청약으로 알려주는 등의 오정보가 하나 둘이 아님. 아니 이건 안되지...,"안녕하세요, 먼저 저희 앱을 이용해주셔서 진심으로 감사드립니다. 불편을 겪게 해드려 정말 죄송합니다. 저희는 사용자들의 편의를 최우선으로 생각하며, 말씀하신 사항은 해당 팀 내로 전달 드려 해결 할 수 있도록 노력하겠습니다. 앞으로 더 나은 앱 이용 경험을 제공하기 위해 사용자들의 의견을 소중히 받아들이며, 앱 이용 환경을 개선하기 위해 지속적으로 노력하겠습니다. 감사합니다.
"
2025-03-20,공모주알리미,5.0,청약공모주 알아보는데 정보가 많다보니 비교해본다고 네이버에서 매번 검색하고 했는데 이앱다운받고 너무 편하고 좋네요,"안녕하세요! 공모주 알리미 - 청약, IPO, 경쟁률 앱을 사용해 주셔서 진심으로 감사드립니다. 여러분의 소중한 피드백과 지원 덕분에 더 나은 서비스를 제공할 수 있습니다. 앞으로도 계속해서 최상의 경험을 제공하기 위해 노력하겠습니다. 감사합니다!"
2025-03-19,공모주알리미,5.0,청약저축과 비슷한 것 같았는데 꽤 많이 나와있어 잘 알아볼 수가 있었고 이 앱을 이용할 수 있었습니다.,"안녕하세요! 공모주 알리미 - 청약, IPO, 경쟁률 앱을 사용해 주셔서 진심으로 감사드립니다. 여러분의 소중한 피드백과 지원 덕분에 더 나은 서비스를 제공할 수 있습니다. 앞으로도 계속해서 최상의 경험을 제공하기 위해 노력하겠습니다. 감사합니다!"
2025-03-13,공모주알리미,5.0,신규상장 종목과 일정 공모주에 대한 여러가지 정보가 많이 있어서 관심 있는 분들은 도움이 많이 됩니다,"안녕하세요! 공모주 알리미 - 청약, IPO, 경쟁률 앱을 사용해 주셔서 진심으로 감사드립니다. 여러분의 소중한 피드백과 지원 덕분에 더 나은 서비스를 제공할 수 있습니다. 앞으로도 계속해서 최상의 경험을 제공하기 위해 노력하겠습니다. 감사합니다!"
2025-03-13,공모주알리미,5.0,공모주 청약에 대해 정보가 필요했는데 이 어플 통해서 많은걸 알게되어 부담없이 해볼 수 있어 좋습니다,"안녕하세요! 공모주 알리미 - 청약, IPO, 경쟁률 앱을 사용해 주셔서 진심으로 감사드립니다. 여러분의 소중한 피드백과 지원 덕분에 더 나은 서비스를 제공할 수 있습니다. 앞으로도 계속해서 최상의 경험을 제공하기 위해 노력하겠습니다. 감사합니다!"
2025-03-11,공모주알리미,5.0,"공모주 알리미 어플을 통해서 청약, IPO 등 많은 정보를 얻을 수 있어서 편리하고 유익했다","안녕하세요! 공모주 알리미 - 청약, IPO, 경쟁률 앱을 사용해 주셔서 진심으로 감사드립니다. 여러분의 소중한 피드백과 지원 덕분에 더 나은 서비스를 제공할 수 있습니다. 앞으로도 계속해서 최상의 경험을 제공하기 위해 노력하겠습니다. 감사합니다!"
2025-03-11,공모주알리미,5.0,"공모주 알리미 앱은 최신 공모주 일정과 관련 정보를 실시간으로 제공하므로, 공모주가 언제 출시되는지 놓치지 않고 바로 알 수 있습니다. 원하는 공모주에 대한 알림을 설정할 수 있어, 공모주 청약 일정, 청약 결과 등을 자동으로 알림으로 받을 수 있습니다. 이를 통해 중요한 정보를 빠르게 확인할 수 있습니다","안녕하세요! 공모주 알리미 - 청약, IPO, 경쟁률 앱을 사용해 주셔서 진심으로 감사드립니다. 여러분의 소중한 피드백과 지원 덕분에 더 나은 서비스를 제공할 수 있습니다. 앞으로도 계속해서 최상의 경험을 제공하기 위해 노력하겠습니다. 감사합니다!"
2025-03-10,공모주알리미,5.0,"공모주 청약 일정과 IPO 정보를 한눈에 확인할 수 있어 유용하며, 경쟁률 분석까지 제공해 투자 계획을 세우는 데 도움이 됩니다.","안녕하세요! 공모주 알리미 - 청약, IPO, 경쟁률 앱을 사용해 주셔서 진심으로 감사드립니다. 여러분의 소중한 피드백과 지원 덕분에 더 나은 서비스를 제공할 수 있습니다. 앞으로도 계속해서 최상의 경험을 제공하기 위해 노력하겠습니다. 감사합니다!"
2025-03-09,공모주알리미,5.0,공모주 청약이 처음이라 막막했었는데 이 어플 덕분에 많은 정보를 얻을 수 있었네요. 추천합니다.,"안녕하세요! 공모주 알리미 - 청약, IPO, 경쟁률 앱을 사용해 주셔서 진심으로 감사드립니다. 여러분의 소중한 피드백과 지원 덕분에 더 나은 서비스를 제공할 수 있습니다. 앞으로도 계속해서 최상의 경험을 제공하기 위해 노력하겠습니다. 감사합니다!"
2025-03-08,공모주알리미,5.0,"공린이도 도전! 공모주 청약에 대해서 자세하게 설명되어 있어요. 공모주정보, 일정, 원하는 종목 체크도 가능해요","안녕하세요! 공모주 알리미 - 청약, IPO, 경쟁률 앱을 사용해 주셔서 진심으로 감사드립니다. 여러분의 소중한 피드백과 지원 덕분에 더 나은 서비스를 제공할 수 있습니다. 앞으로도 계속해서 최상의 경험을 제공하기 위해 노력하겠습니다. 감사합니다!"
2025-03-08,공모주알리미,5.0,"주식투자는.요즘.대부분 사람들이 하고 있는데요, 중요한게 공모주를 언제 하냐는 부분인데요, 여기 공모주 관련 알리미 소식시 있어 소개해 드립니다.간단하게 개인정보 입력으로 확인이 가능해요. 적극 추천 드립니다!!!","안녕하세요! 공모주 알리미 - 청약, IPO, 경쟁률 앱을 사용해 주셔서 진심으로 감사드립니다. 여러분의 소중한 피드백과 지원 덕분에 더 나은 서비스를 제공할 수 있습니다. 앞으로도 계속해서 최상의 경험을 제공하기 위해 노력하겠습니다. 감사합니다!"
2025-03-08,공모주알리미,5.0,실시간으로 공모주등 정보를 신속하게 알수있어 너무좋은 어플인것같습니다 이용편의도 간단해서 추천합니다.,"안녕하세요! 공모주 알리미 - 청약, IPO, 경쟁률 앱을 사용해 주셔서 진심으로 감사드립니다. 여러분의 소중한 피드백과 지원 덕분에 더 나은 서비스를 제공할 수 있습니다. 앞으로도 계속해서 최상의 경험을 제공하기 위해 노력하겠습니다. 감사합니다!"
2025-02-07,공모주알리미,5.0,말로만 듣고 전혀모르던 공모주 청약에 대해 관심이가서 이앱으로 이것저것 배우고 필요한 정보들 잘받아보고있습니다!,"안녕하세요! 공모주 알리미 - 청약, IPO, 경쟁률 앱을 사용해 주셔서 진심으로 감사드립니다. 여러분의 소중한 피드백과 지원 덕분에 더 나은 서비스를 제공할 수 있습니다. 앞으로도 계속해서 최상의 경험을 제공하기 위해 노력하겠습니다. 감사합니다!"
2025-02-06,공모주알리미,5.0,청약에 성공하고 싶다면 쉽고 빠른 정보가 필수죠~공모주 청약 알리미를 통해 도움받아보셨으면 좋겠네요,"안녕하세요! 공모주 알리미 - 청약, IPO, 경쟁률 앱을 사용해 주셔서 진심으로 감사드립니다. 여러분의 소중한 피드백과 지원 덕분에 더 나은 서비스를 제공할 수 있습니다. 앞으로도 계속해서 최상의 경험을 제공하기 위해 노력하겠습니다. 감사합니다!"
2025-02-06,공모주알리미,5.0,공모주 청약 해볼려고 알아보는데 정보가 많아 비교해야하는데 맨날 네이버나 구글에서 검색하고 까먹어서 또 검색하고 그랬는데 이 어플 하나만 다운 받으면 참고하고 싶을 때마다 열어서 참고할 수 있어서 좋습니다! 주위에도 많이 홍보했어요.,"안녕하세요! 공모주 알리미 - 청약, IPO, 경쟁률 앱을 사용해 주셔서 진심으로 감사드립니다. 여러분의 소중한 피드백과 지원 덕분에 더 나은 서비스를 제공할 수 있습니다. 앞으로도 계속해서 최상의 경험을 제공하기 위해 노력하겠습니다. 감사합니다!"
2025-02-05,공모주알리미,5.0,공모주 청약에 대해서 자세하고 꼼꼼하게 나와있고 실시간으로 볼수있고 알려주니까 너무 편리하고 만족합니다,"안녕하세요! 공모주 알리미 - 청약, IPO, 경쟁률 앱을 사용해 주셔서 진심으로 감사드립니다. 여러분의 소중한 피드백과 지원 덕분에 더 나은 서비스를 제공할 수 있습니다. 앞으로도 계속해서 최상의 경험을 제공하기 위해 노력하겠습니다. 감사합니다!"
2025-02-05,공모주알리미,5.0,공모주 청약일정에 대해 잘 나와있네요. 관심만 가지고 있었는데.. 잘 보고 결정할 수 있을거 같아요,"안녕하세요! 공모주 알리미 - 청약, IPO, 경쟁률 앱을 사용해 주셔서 진심으로 감사드립니다. 여러분의 소중한 피드백과 지원 덕분에 더 나은 서비스를 제공할 수 있습니다. 앞으로도 계속해서 최상의 경험을 제공하기 위해 노력하겠습니다. 감사합니다!"
2025-02-03,공모주알리미,5.0,"공모정보,청약정보를 확인할수 있는 유용한 앱입니다 실시간으로 공모주 정보를 알려주는 알리미가 있어서 편리하고 추천하는 어플이예요","안녕하세요! 공모주 알리미 - 청약, IPO, 경쟁률 앱을 사용해 주셔서 진심으로 감사드립니다. 여러분의 소중한 피드백과 지원 덕분에 더 나은 서비스를 제공할 수 있습니다. 앞으로도 계속해서 최상의 경험을 제공하기 위해 노력하겠습니다. 감사합니다!"
2025-02-03,공모주알리미,5.0,공린이도 이해하기 쉬운 공모주 청약 정보 알리미를 소개합니다 ! IPO가 제공하는 모든 정보를 쉽고 간편하게 파악하여 청약에 성공해보세요,"안녕하세요! 공모주 알리미 - 청약, IPO, 경쟁률 앱을 사용해 주셔서 진심으로 감사드립니다. 여러분의 소중한 피드백과 지원 덕분에 더 나은 서비스를 제공할 수 있습니다. 앞으로도 계속해서 최상의 경험을 제공하기 위해 노력하겠습니다. 감사합니다!"
2024-11-23,공모주알리미,5.0,"공모등록 일정을 놓치기 쉬운데, 이 앱 덕분에 중요한 일정을 빠르게 확인할 수 있습니다. 위시리스트 기능을 이용해서 관심상품 관리에 도움이 되고, 정확하고 빠르게 정보가 업데이트되어 만족스럽습니다. 이 앱 덕분에 이제 계획대로 투자할 수 있습니다!","안녕하세요! 공모주 알리미 - 청약, IPO, 경쟁률 앱을 사용해 주셔서 진심으로 감사드립니다. 여러분의 소중한 피드백과 지원 덕분에 더 나은 서비스를 제공할 수 있습니다. 앞으로도 계속해서 최상의 경험을 제공하기 위해 노력하겠습니다. 감사합니다!"
2024-11-23,공모주알리미,5.0,"표와 차트 덕분에 기업의 수익성을 빠르게 파악할 수 있다는 점이 좋습니다. 필수 항목들도 자세하게 설명되어 있어 투자 결정에 큰 도움이 됩니다. 사용자 인터페이스가 좀 더 직관적이었으면 좋겠지만, 기본적인 기능은 여전히 ​​만족스럽습니다.","안녕하세요! 공모주 알리미 - 청약, IPO, 경쟁률 앱을 사용해 주셔서 진심으로 감사드립니다. 여러분의 소중한 피드백과 지원 덕분에 더 나은 서비스를 제공할 수 있습니다. 앞으로도 계속해서 최상의 경험을 제공하기 위해 노력하겠습니다. 감사합니다!"
2024-11-21,공모주알리미,5.0,매달 일정을 확인할 수 있어서 구독을 계획하는데 큰 도움이 되었습니다. 하지만 제공되는 차트가 좀 더 다양하면 더 좋을 것 같아요. 게다가 정보도 정확하고 읽기 쉽기 때문에 자주 이용할 것 같고 서비스도 정말 마음에 듭니다.,"안녕하세요! 공모주 알리미 - 청약, IPO, 경쟁률 앱을 사용해 주셔서 진심으로 감사드립니다. 여러분의 소중한 피드백과 지원 덕분에 더 나은 서비스를 제공할 수 있습니다. 앞으로도 계속해서 최상의 경험을 제공하기 위해 노력하겠습니다. 감사합니다!"
2024-11-21,공모주알리미,5.0,깔끔하고 디테일합니다. 이는 IPO 일정을 확인할 때 특히 유용합니다. 예전에는 일정을 작성하고 확인하곤 했는데 이 앱을 사용하면 더 이상 걱정할 필요가 없습니다. 마음에 드는 종목이 상장되는 날 알림을 받기 때문에 편리하게 투자하실 수 있습니다.,"안녕하세요! 공모주 알리미 - 청약, IPO, 경쟁률 앱을 사용해 주셔서 진심으로 감사드립니다. 여러분의 소중한 피드백과 지원 덕분에 더 나은 서비스를 제공할 수 있습니다. 앞으로도 계속해서 최상의 경험을 제공하기 위해 노력하겠습니다. 감사합니다!"
2024-10-18,공모주알리미,5.0,청약관련 경쟁율이나 잘모르는 초보자들도 쉽게 이해할수있게끔 설명 이잘되어있고 알리미 기능이 좋네요,"안녕하세요! 공모주 알리미 - 청약, IPO, 경쟁률 앱을 사용해 주셔서 진심으로 감사드립니다. 여러분의 소중한 피드백과 지원 덕분에 더 나은 서비스를 제공할 수 있습니다. 앞으로도 계속해서 최상의 경험을 제공하기 위해 노력하겠습니다. 감사합니다!"
2024-10-18,공모주알리미,5.0,"실시간 청약공고(업데이트)가 나오며, 공모주 청약 일정도 있고, 캘린더 와 관심종목 메뉴도 있습니다.","안녕하세요! 공모주 알리미 - 청약, IPO, 경쟁률 앱을 사용해 주셔서 진심으로 감사드립니다. 여러분의 소중한 피드백과 지원 덕분에 더 나은 서비스를 제공할 수 있습니다. 앞으로도 계속해서 최상의 경험을 제공하기 위해 노력하겠습니다. 감사합니다!"
2024-10-18,공모주알리미,5.0,공모주 알리미 어플을 이용하면서 실시간으로 공모주에 대한 정보를 얻을 수 있어서 편리했어요,"안녕하세요! 공모주 알리미 - 청약, IPO, 경쟁률 앱을 사용해 주셔서 진심으로 감사드립니다. 여러분의 소중한 피드백과 지원 덕분에 더 나은 서비스를 제공할 수 있습니다. 앞으로도 계속해서 최상의 경험을 제공하기 위해 노력하겠습니다. 감사합니다!"
2024-10-18,공모주알리미,5.0,"직관적인 사용자 인터페이스 덕분에 처음 사용하는 사람도 쉽게 적응할 수 있었습니다. 각 기능이 명확하게 구분되어 있고, 원하는 작업을 찾기 쉬워 매우 유용합니다.","안녕하세요! 공모주 알리미 - 청약, IPO, 경쟁률 앱을 사용해 주셔서 진심으로 감사드립니다. 여러분의 소중한 피드백과 지원 덕분에 더 나은 서비스를 제공할 수 있습니다. 앞으로도 계속해서 최상의 경험을 제공하기 위해 노력하겠습니다. 감사합니다!"
2024-09-21,공모주알리미,1.0,비추입니다.정보 받기? 그거 눌러 전번 등록했더니 월구독 2200원 자동결제 되버리네요 어디에도 유료라고 명시도 안되어있는데..이거 왼전 개사기 어플입니다,"안녕하세요. 공모주 알리미 - 청약, IPO, 경쟁률 앱을 이용해주셔서 진심으로 감사드립니다.
불편을 겪게 해드려 정말 죄송합니다. 저희는 사용자들의 편의를 최우선으로 생각하며, 광고 노출을 최소화하기 위해 노력하고 있습니다.
사용자들이 광고로 인해 불편함을 느끼지 않도록 개선해 나가겠습니다.
말씀하신 사항은 해당 팀 내로 전달 드려 해결 할 수 있도록 노력하겠습니다.
앞으로 더 나은 앱 이용 경험을 제공하기 위해 사용자들의 의견을 소중히 받아들이며, 앱 이용 환경을 개선하기 위해 지속적으로 노력하겠습니다. 감사합니다.
"
2024-07-28,공모주알리미,5.0,공모주 청약 앱을 사용해보니 청약 정보와 기업 정보를 손쉽게 확인할 수 있어서 매우 만족스럽습니다. 실시간 업데이트 덕분에 중요한 청약 일정을 놓치지 않게 되었어요. 검색 기능도 간편해서 필요한 종목을 쉽게 찾을 수 있었습니다. 강력 추천합니다.,안녕하세요 먼저 저희앱을 이용해주신 점과 소중하고 좋은 리뷰 작성해주신점에 대해 감사드립니다. 유저분께서 좋은 정보를 얻어가셨니 저희도 기쁩니다 :) 앞으로도 좋은 정보 전달을 위해 노력하겠습니다. 감사합니다.
2024-07-27,공모주알리미,5.0,이 앱을 통해 공모주 청약 정보를 실시간으로 확인할 수 있어서 너무 편리합니다. 청약 일정과 기업 정보를 쉽게 파악할 수 있어서 투자에 큰 도움이 되었어요. 캘린더와 찜하기 기능으로 관심 종목을 관리할 수 있어 정말 유용합니다.,안녕하세요 먼저 저희앱을 이용해주신 점과 소중하고 좋은 리뷰 작성해주신점에 대해 감사드립니다. 유저분께서 좋은 정보를 얻어가셨니 저희도 기쁩니다 :) 앞으로도 좋은 정보 전달을 위해 노력하겠습니다. 감사합니다.
2024-07-26,공모주알리미,5.0,이 앱 덕분에 공모주 청약 정보와 기업 정보를 쉽게 얻을 수 있었어요. 실시간 업데이트 기능이 있어 청약 일정을 놓치지 않고 확인할 수 있어요. 찜하기 기능으로 관심 종목을 관리할 수 있어서 매우 편리합니다. 투자자들에게 꼭 필요한 앱입니다.,안녕하세요 먼저 저희앱을 이용해주신 점과 소중하고 좋은 리뷰 작성해주신점에 대해 감사드립니다. 유저분께서 좋은 정보를 얻어가셨니 저희도 기쁩니다 :) 앞으로도 좋은 정보 전달을 위해 노력하겠습니다. 감사합니다.
2024-07-25,공모주알리미,5.0,"공모주 청약 정보를 손쉽게 확인할 수 있는 이 앱 덕분에 투자 관리가 편해졌어요. 월별로 청약, 환불일, 상장 일정을 확인할 수 있는 캘린더 기능이 특히 유용했습니다. 검색 기능도 간편해서 필요한 종목을 쉽게 찾을 수 있었어요. 추천합니다.",안녕하세요 먼저 저희앱을 이용해주신 점과 소중하고 좋은 리뷰 작성해주신점에 대해 감사드립니다. 유저분께서 좋은 정보를 얻어가셨니 저희도 기쁩니다 :) 앞으로도 좋은 정보 전달을 위해 노력하겠습니다. 감사합니다.
2024-07-25,공모주알리미,5.0,"공모주 청약 앱을 사용해보니 정말 편리합니다. 실시간으로 다가오는 청약일을 확인할 수 있고, IPO 일정도 한눈에 볼 수 있어서 좋아요. 표와 그래프를 통해 기업의 수익성을 쉽게 파악할 수 있는 점도 유용합니다. 꼭 사용해보세요!",안녕하세요 먼저 저희앱을 이용해주신 점과 소중하고 좋은 리뷰 작성해주신점에 대해 감사드립니다. 유저분께서 좋은 정보를 얻어가셨니 저희도 기쁩니다 :) 앞으로도 좋은 정보 전달을 위해 노력하겠습니다. 감사합니다.
2022-12-02,공모주알리미,5.0,주변에도 추천 해주었네요 관련 어플중에선 이게가장 볼게 많고 정확 합니다,안녕하세요 먼저 저희앱을 이용해주신 점과 소중하고 좋은 리뷰 작성해주신점에 대해 감사드립니다. 유저분께서 좋은 정보를 얻어가셨니 저희도 기쁩니다 :) 앞으로도 좋은 정보 전달을 위해 노력하겠습니다. 감사합니다.
2022-12-01,공모주알리미,5.0,성적 구간 및 장학금 신청 안내 자세히 받아보았네요 도움 되었습니다,안녕하세요 먼저 저희앱을 이용해주신 점과 소중하고 좋은 리뷰 작성해주신점에 대해 감사드립니다. 유저분께서 좋은 정보를 얻어가셨니 저희도 기쁩니다 :) 앞으로도 좋은 정보 전달을 위해 노력하겠습니다. 감사합니다.
